Speaker Name,Start Time,End Time,Text
重田,00:00:02:10,00:00:14:10,それぐらいになんか異常な湿度の日があったんですよでもなんかちょっと外歩いてるだけではっきりがするぐらいの湿度がね80何パーセントいってたらしいですよねその日はそれに比べると今日はまだ
重田,00:00:17:03,00:00:18:18,さらっとしてますよね
重田,00:00:25:15,00:00:27:20,これでも眩しそうだから
重田,00:00:30:22,00:00:33:08,眩しくない?
重田,00:00:34:08,00:00:39:13,あ、でもちょっとやっぱりなんかすごい眩しそうこっちにほらこうやってると
重田,00:00:50:20,00:00:52:15,もちろん!
重田,00:00:54:12,00:00:56:20,石塚さん石塚って呼んだらおかしいですよね
重田,00:00:58:23,00:01:03:00,石塚さん、えっと、え、同じくらいにとしたの?ちょっと私、
重田,00:01:11:03,00:01:13:07,私68なので
重田,00:01:15:03,00:01:19:00,それは結構重要なんですよね話する時に知ってることがほら
重田,00:01:22:02,00:01:24:12,そうそうよかったですそれは
重田,00:01:25:15,00:01:31:20,でこれあれですよねこうやって喋っててあの編集してくれるからもう今ここ大事じゃないってことも別に
重田,00:01:37:13,00:01:39:03,そうなんですね。
重田,00:01:48:05,00:01:51:15,なるほどなるほどだからお互い全然知らないっていうことで
重田,00:01:52:15,00:01:57:10,例えばどういうことをされているかとかご出身はとかっていうのも聞いて
重田,00:02:36:00,00:02:40:18,こっちに置いた方が良くない?なんかすごい日が差しちゃう感じ
重田,00:02:43:23,00:02:47:20,この辺に多分置いた方がいいと思うむしろ
重田,00:02:51:13,00:02:58:12,こっちにカバンを置いてってこと?あんまり変わらないかな?どうでしょうね
重田,00:03:00:05,00:03:04:05,あ、これかよけ?あ、でもこっちの方がいいね
重田,00:03:05:07,00:03:06:20,ちょっともしかしてずれてるかもしれない
重田,00:03:18:10,00:03:20:18,えっと石塚さんは
重田,00:03:22:15,00:03:24:15,ってことなんですけど
重田,00:03:37:00,00:03:39:00,なんですかそれで大学とか
重田,00:03:45:23,00:03:48:05,あっ、そっからずっとじゃあ北海道
重田,00:03:53:15,00:03:56:12,周辺触れつつ東京に
重田,00:04:00:15,00:04:08:00,ご両親も北海道ってことだとそうなんですねそうすると東京っていう感じでもないってことですね
重田,00:04:24:15,00:04:29:05,東京の後頭部とか言われてますよねなんかその位置的に
重田,00:04:30:10,00:04:34:00,って言われてるみたいですけどでもそんな涼しくない
重田,00:04:41:10,00:04:51:05,私は出身は兵庫県なんです兵庫県の西宮市っていうところでだからまあ関西両親も関西の
重田,00:04:52:08,00:04:59:03,あの大学で東京に来てだから18歳からだからもう長いですよずーっと東京に住んで
重田,00:05:00:10,00:05:02:03,そっちの方がよっぽど
重田,00:05:04:23,00:05:09:07,でも私はあんまりねこっちの方をこっちって言っちゃっていいのかな
重田,00:05:10:15,00:05:15:00,そうそうあの東っていうんですかの方はあんまりなじみ
重田,00:05:31:15,00:05:33:05,ああそうですよね
重田,00:05:35:20,00:05:38:10,だって羽田の方とまたこっちも全然私と違います
重田,00:05:39:13,00:05:49:15,だからちょっとでもえっと私佃ここだから佃島と石川島と月島が全部なんか合体して元は別々
重田,00:05:49:15,00:05:59:18,あいつだったのがくっついちゃったっていうことでいいの?なんか多分そうだと思うんですよだからこの辺、佃っていう住所なんですけどでも元は多分石川島っていう
重田,00:06:01:15,00:06:12:00,そうなんですよ。で、その石川島っていうのが割と江戸の初期に埋め立てを、まあ幕府がっていうか、まあ家康の時じゃないのかな、初期だから。
重田,00:06:12:00,00:06:22:10,割と早くにやって、そこに人足寄せ場をその後作ってっていうことなんで、かなり歴史がある場所で、そこを造船所にして
重田,00:06:23:13,00:06:28:02,もともと船が行き来してたから、その造船長が石川島造船長だったから
重田,00:06:31:00,00:06:45:03,[HALLUCINATION_FILTERED]
重田,00:06:46:02,00:06:58:12,私この辺はあんまりなんていうのかなこのなんていうのベイエリアというのすごいなんかあんま好きじゃないんですよ言っちゃいけないのかななんか住んでる人いっぱいいるだろうけどなんかすごく人工的
重田,00:07:01:23,00:07:09:18,全部後から作ったみたいな感じでそこここにあるのかもしれないけど全体的にはすっごい
重田,00:07:39:03,00:07:40:22,そうなんだ。
重田,00:07:46:15,00:07:51:23,なんかでもね東京だと東京ってやっぱり街が大きく私東京に出てきた時に
重田,00:07:53:15,00:08:06:10,一個一個の街ごとに違うんですよね東京ってそうそれでなんか私中高は愛知だったんですよ愛知名古屋だったんですけど名古屋とかは全部の中心地の一箇所にいろんなものがあるみたいな
重田,00:08:10:10,00:08:12:22,そろみたの地方都市って割とそう
重田,00:08:18:18,00:08:22:02,[HALLUCINATION_FILTERED]
重田,00:08:26:22,00:08:44:12,その中で、散歩が趣味なんで、今日も少しここを歩いてきたんですけど、やっぱりベイエリアっていうのは特にその再開発がすごくて、あとほら高層マンション建てられるでしょ、ここって。だからあのタワマンの嵐じゃないですか、結局。
重田,00:08:44:12,00:09:02:02,それは多分その建築基準法の関係で建てられるってことがあるんでしょうけどこういう街並みって私は西側に住んですけど東京の西の練馬区なんですけど練馬とかあと杉並が隣ですけどあと北区とかねあと世田谷とかああいうところにはとは全然違う
重田,00:09:04:00,00:09:13:08,普通に家がありますからあっちは全然面白い場所じゃないんだけどこっちと比べたらなんかマシって来るたびにね、なんかうわってこう
重田,00:09:27:15,00:09:30:02,そこはいいですよね。
重田,00:09:34:00,00:09:38:22,だからここは一番マシっていうかでもこっちの方行くとほらもうすごいすごいじゃん
重田,00:09:40:02,00:09:49:10,びっくりするの勝ちどきになんか映画評論家の何かの話を聞きに来た時に駅出たらもう見えないの全部壁っていうか
重田,00:09:57:10,00:10:11:20,あとねやっぱりねこの湾岸地区は平べったいじゃないだからあの関西の人間って必ず山は北なんですよ海は南でだから山の方に坂上がっていく方が北っていう
重田,00:10:13:03,00:10:19:10,なんとなくそれで方向感覚かない分かるんだけどこの辺とかベターってしてるから西か東かもう何でも
重田,00:10:21:13,00:10:35:10,こういうのもなんかちょっとなんかねだからなんていうのかなまた多分何段階か再開発あったと思うんですけどオリンピックのためにかなりやったと思う
重田,00:10:49:15,00:10:55:00,そうですよね。だから埋め立てだってね、1回でこうやってるわけじゃないから、どんどんこうやっていって。
重田,00:10:56:20,00:10:58:12,ここがそうじゃないかな
重田,00:10:59:13,00:11:08:00,そこはそうだと思いますあとなんだろうなあのー最近ね水運にまた関心があるんですけどいろんなことに関心があるんだけど
重田,00:11:15:15,00:11:25:17,水を通じて東京から江戸を見透かすような形での街の
重田,00:11:25:17,00:11:35:20,再開発って言ったらなんだけど再構築みたいなことを結構東京都もやろうとしていてそれを考えた時に多分隅田川ってめちゃくちゃ重要
重田,00:11:37:10,00:11:41:00,まあでもその水運っていうのがそれこそ今ほらなんだこれ館部
重田,00:11:42:05,00:11:44:08,船とかそんなのだけになっちゃってるじゃないですか
重田,00:11:47:17,00:11:52:15,だからそれでえっともともとはだからなんていうのかなもっとその
重田,00:11:56:12,00:12:03:20,人も運ぶし、荷物も運ぶし、だから道路と鉄道とかの代わりをしてた場所だったわけですよ。
重田,00:12:08:20,00:12:26:02,そうそう、でもそれがほとんどなくなっちゃって、で、結構その、まああの川が暗渠にされちゃったところがすごい多くて、ここはあのもう本当に河口のところだから広く残ってますけど、あそこのほら日本橋の
重田,00:12:27:15,00:12:35:00,全部そのなんだっけえっと暗虚にされて高速道路でこう首都高で上をこうめられて
重田,00:12:36:12,00:12:41:17,それを今高速道路を地下化してなんか日本橋を復活させる
重田,00:12:54:20,00:12:57:00,もうなんかもう通ってるだけでもはびしい
重田,00:13:03:07,00:13:08:18,なんでしょうねその上が覆ってて下が川になっててこの横ギリギリまで立って
重田,00:13:12:00,00:13:13:15,もうあれ見ると私悲しくなる
重田,00:13:15:03,00:13:30:10,[HALLUCINATION_FILTERED]
重田,00:13:32:08,00:13:38:12,喋ってあのそういうのもでもだからどう何をどう残すかっていうのが今難しい
重田,00:13:40:18,00:13:51:20,開発してできたものでも例えば50年60年経ったらそれは残した方がいいのかすごく汚くなっちゃってるようなところも残した方がいい
重田,00:13:53:00,00:14:02:05,もっとピカピカにした方がいいのかあるいはもっとその前のものに戻した方がいいのかっていうのはなんか正解が多分ないからいろいろね玉川浄水
重田,00:14:07:20,00:14:18:02,そういう復活で、せき止めちゃってて、全然水が流れてなくて、ずっと暗渠にもしてたし、そもそも止めてたらしいんですよね、あっちの立川とかあっちの方から。
重田,00:14:23:17,00:14:30:08,どっかにね川に流してたみたいですその水をねそれであの要するに死んだ
重田,00:14:34:18,00:14:36:08,それをなんか清流復活とか
重田,00:14:37:23,00:14:43:07,イノカシラ公園の中とかもそれを戻してるんですけど、すごいんですよ。なんかもう、なんていうの?動物。
重田,00:14:46:12,00:14:49:03,すごいんですよなんか鳥とかなんか
重田,00:15:35:13,00:15:38:00,ネズミって話してすぐ回収するの
重田,00:16:09:05,00:16:17:20,ネズミの話はでもちょっと難しいとこもありますよねなんかネズミの中にもあのどこででも生きていけるネズミ
重田,00:16:35:17,00:16:38:20,え、それって何?抗生剤飲みすぎてる体制…
重田,00:17:21:10,00:17:24:20,[HALLUCINATION_FILTERED]
重田,00:17:43:10,00:17:45:20,でもそうすると
重田,00:18:22:00,00:18:24:15,木の大きさだと入るのに時間かかる
重田,00:19:03:15,00:19:06:12,だっていろんな箱とか入っていったり それこそトラックとか
重田,00:19:14:00,00:19:16:00,やっぱり暑いのは強い
重田,00:19:37:20,00:19:39:07,ドブネズミより大きいです。
重田,00:20:02:12,00:20:06:20,下水とかにすると下の方にいるのがドブネズミで
重田,00:20:10:18,00:20:16:12,なんていうのパイプみたいなところピューってこうクマです確かにそれは小さい気がします少し
重田,00:20:18:03,00:20:20:20,でもどっちもやっぱり病気を媒介する
重田,00:20:36:12,00:20:39:03,うんでもそれは今いるそのネズミ
重田,00:20:46:08,00:20:50:05,でも実験でぶっ殺したりしてないんでしょ
重田,00:20:54:00,00:20:58:18,でもまあ毒の研究ってことはやっぱり殺す実験しないわけない
重田,00:21:08:00,00:21:13:03,それね、私今日ね、考えてたんですよ。で、いくつか毒のイメージ。
重田,00:21:14:08,00:21:16:18,一つはだからなんかフグとか
重田,00:21:17:17,00:21:22:08,鳥かぶととか、ああいうそのなんか昔鳥かぶとで奥さんを殺したみたいな
重田,00:21:24:20,00:21:31:23,いわゆる毒を飲むと死んじゃうみたいな毒っていうのは割と古典的なそれがソーシャルロックホームズとか
重田,00:21:37:03,00:21:46:10,そういう毒っていうのと、あとはそれと区別がつくのかわからないけど、毒って結構薬だったりする。
重田,00:21:50:03,00:21:56:02,使い方間違えると毒になっちゃうけどでも実際そのうまく使えば例えばだから麻薬とかもそうだ
重田,00:21:57:08,00:22:07:08,うまく使えばっていうか、使い方によっては非常に有用になるようなものっていうのもやっぱり毒の中に入るよなっていうのを思ってて、でもそれはフグみたいなのとはやっぱりちょっと違う。
重田,00:22:18:18,00:22:22:18,15世紀くらい?ルネサンスの時代の人で
重田,00:22:27:10,00:22:29:20,私ねパラケルススってすごく好きなんです
重田,00:22:31:03,00:22:33:20,その時代って本読んだ
重田,00:22:34:22,00:22:45:17,変な人生なんですよ めちゃくちゃ変だからなんかまあ 同時にしてみればいわゆるヤシみたいなね こう存在っていうのがヤシっていうのね 工具師って書いてヤシっていうんですけど
重田,00:22:45:17,00:22:56:12,なんて言えばいいんだろう占い師とか錬金術師とか野師とかそういう人たちっていうので下界とかもする
重田,00:22:59:20,00:23:02:05,怪しい俗な何かその
重田,00:23:08:12,00:23:25:15,そうですね、だからアートとサイエンスが分かれてますから、その頃って。アートとサイエンスの中では、アートに属してた方の人たちって結構面白いじゃないですか。で、実際そっちの人たちが、だから下界なんて昔はほら、あの、理髪師と一緒の組合に入れられてて。そうなんですね。そうなんです。
重田,00:23:26:20,00:23:29:17,で、外科医も髪剃り使うからっていう
重田,00:23:30:22,00:23:33:23,それでほら、あのなんだっけ、理髪の毛が…
重田,00:23:40:10,00:23:53:17,下界と一緒に組み合いに入ってたからその印だったっていうことらしいんですけどだからそういう俗なところの方の人たちがいろんなことやっててそこから近代に繋がって
重田,00:24:07:23,00:24:20:10,だからそうですよねパラケルシスとその周辺だ思い出したその本ねアレクサンドルコイレっていう有名な科学認識論の人が書いた確か本だったと思うんだけどパラケルシスなのにさらに周辺
重田,00:24:21:13,00:24:23:08,知らないみたいな人ばっか出てきます
重田,00:24:24:18,00:24:29:08,だからその毒か薬かっていうのが
重田,00:24:32:02,00:24:36:02,そう、でもね、それでね、今日聞きたいと思ったことがあるんですよ。
重田,00:24:39:13,00:24:54:00,青子ってすごい増えすぎちゃって今すごい大変だって世界中の魚たちが窒息してるんでしょそれがなんで増えちゃったかっていうのがなんだっけリンとか窒素を肥料に使って
重田,00:25:11:23,00:25:17:05,生活排水の中に窒素とかリンっていうのが入ってるっていうのは何に入ってるから
重田,00:25:22:22,00:25:25:03,うんうんへんならすげておきしい
重田,00:25:27:10,00:25:29:13,そういうものの中に入ってるってことなんだ
重田,00:25:41:10,00:25:45:08,栄養があることがダメっていうのがなんかちょっと不思議
重田,00:26:06:08,00:26:08:12,だから魚にとっては別に栄養じゃなくて
重田,00:26:10:10,00:26:14:22,なるほどね。それがだから多くなりすぎちゃうと
重田,00:26:16:18,00:26:28:22,そうっていうのっていう話っていうのはなんかその毒性を持った何らかのその元素っていうか科学式がこうなってるみたいなのとなんかだいぶ違い
重田,00:26:54:20,00:26:57:08,毒物って添加物とかいう意味じゃない?
重田,00:27:28:00,00:27:30:05,だから吸い上げてるわけだもんね
重田,00:27:47:20,00:27:51:10,食べられないようにするために
重田,00:28:33:17,00:28:36:02,ん
重田,00:28:45:17,00:28:57:05,なるほど、なんか蜂か何かに関する実験で読んだことがあるなんか植物がバーって生えてるところでその要するに受粉を一番してほしい時だけ蜂が喜ぶよう
重田,00:28:58:22,00:29:10:22,そうじゃないときはちょっと蜂が嫌がるようななんかこう期待を出してるみたいななんかそれを聞いたときに植物っていうのがなんだろうなある種石を持った存在みたいな
重田,00:29:14:08,00:29:18:10,なるほどねでもそれはあの子たちとかじゃ
重田,00:29:23:23,00:29:28:10,それ個体性がやっぱり少ないってこと?いや、そうですでも人っていうからには個体性が
重田,00:30:31:13,00:30:37:00,[HALLUCINATION_FILTERED]
重田,00:30:47:00,00:31:05:23,まあでもそれで言ったらその別に食べても大丈夫なものってもう習慣的にずっとある偏った食生活をし続けると生活習慣病とかになったりするじゃないそれもやっぱりある種の毒ってこと
重田,00:31:20:22,00:31:23:03,[HALLUCINATION_FILTERED]
重田,00:31:24:10,00:31:29:15,だから例えばねあのほら大豆のなんかあるじゃないえっとなんだっけ磯風
重田,00:31:30:18,00:31:40:05,子供がダイエットしたいとかって言って豆乳を食べたりとかそういう大豆のものをいっぱい
重田,00:31:41:05,00:31:43:13,食べだしてそれでもなんかそのパンとか
重田,00:31:46:15,00:31:51:03,でそれあんまりやるとなんかちょっとこう女性ホルモンの場合
重田,00:31:53:08,00:32:06:22,変になっちゃったんですよね だからそれも健康に良いって言われているものでそんなに年から年中一日中 豆乳飲んでるわけでもないんだけど急に取りすぎたりするとやっぱり そうやって
重田,00:32:23:10,00:32:25:03,なんていうの?おしっこになって出るの?
重田,00:32:31:08,00:32:33:20,あんまり取りすぎると出ていくのもつかないみたいになっちゃう
重田,00:32:38:18,00:32:57:00,でもなんか今そのダイエットしたりとか健康食みたいなことをいろいろこうやったりするのって流行ってるじゃないですか健康ブームででもそういう時にそういう量を取りすぎちゃいけないとかまんべんなく食べた方がいいみたいなのってそんなになんか
重田,00:33:00:12,00:33:04:02,なんかそれよりむしろ特定のものにガーって
重田,00:33:19:23,00:33:27:08,いや良くないとは思いますよ良くないと思うけどでも例えばねなんかそのなんだっけタンパク質はささみだけとか
重田,00:33:41:23,00:33:47:20,ああ、だからそれで言ったらね、あの、ヴィーガンの人とかもやっぱり、なんかほら、
重田,00:33:51:10,00:34:02:15,とか聞くといやだからビーガンはまた違ったそのね社会的な意味があってやってるっていうのはあるんだろうけどいやなんか食生活
重田,00:34:02:15,00:34:13:20,関してちょっと極端なものが受けるっていうか 流行るっていうかそれでそれをそういう極端なの良くないからあの昔ながらのいろんななんか誤題要素
重田,00:34:14:22,00:34:17:08,食べましょうみたいなこと誰も言ってないです
重田,00:34:20:00,00:34:23:08,けどなんかその声はこう今はあんまり 聞く
重田,00:34:39:05,00:34:41:05,あーなるほどね
重田,00:34:45:08,00:34:49:13,手っ取り早くねそういうことはあるのかな
重田,00:34:56:02,00:34:58:08,ああ結構私それ好物の言葉
重田,00:35:05:08,00:35:07:03,そうなんですよ。
重田,00:35:29:13,00:35:42:20,あ、確かにね、だからあのほら、なんだろう、なんか基準を何でも作るじゃない?で、その基準が本当に何か大丈夫なのかみたいなのって、すごい多分、あの、
重田,00:35:44:08,00:35:50:02,そうだと思う。だから、なんだっけ、PFOAとかあるじゃない?
重田,00:35:57:03,00:36:02:12,えっとあれあれです p ファスそう p ファスでも p ファスっていうのが一番広い
重田,00:36:08:10,00:36:17:08,作る時になってたって それでそれが今 PFASっていうのかいろんなところで観察されてとかっていうとき
重田,00:36:20:12,00:36:22:18,でもあれってなんかずっと分解して
重田,00:36:24:15,00:36:28:05,基準値って言って大丈夫なのってすごい思っちゃうんです科学部
重田,00:36:50:22,00:36:53:23,あっ、あの、なんかなんだっけ、殺虫座みたいなやつ?
重田,00:37:06:20,00:37:09:15,それは昔使われたものが広く
重田,00:37:36:00,00:37:37:23,ちょっとしているんですけどええええ
重田,00:37:45:05,00:37:56:08,それってそのねじゃあまた使いましょうっていう時ってマラリアにかかって何か死んだり病気になったりするそのリスクとDDTをまくリスクを
重田,00:38:08:05,00:38:09:18,割と最近21世紀
重田,00:38:16:15,00:38:18:15,それを何か
重田,00:38:28:12,00:38:30:22,その部屋に人間が入って大丈夫
重田,00:38:35:00,00:38:36:22,はい
重田,00:38:40:20,00:38:42:18,しています
重田,00:38:45:13,00:38:47:10,日本はマラリアはないですか?
重田,00:39:08:05,00:39:13:05,結構ほら、小っちゃい、小エビを飼ってた人がいて
重田,00:39:46:10,00:40:00:02,[HALLUCINATION_FILTERED]
重田,00:40:20:02,00:40:26:22,分解しにくいってことはなんか体に悪いってことではないの?なんかね、よくはさっぱりわからない
重田,00:40:43:18,00:40:47:10,なるほどねベープマットよりはやっぱり残る
重田,00:41:19:20,00:41:30:05,なんかだから、最近ちょっとで聞くみたいなの増えてるじゃないですか。それってすごい毒性が前より強いんじゃないかっていう疑いを素人は思ってるんですけど、そういうことじゃない。
重田,00:41:47:13,00:41:52:15,虫のことは人なんだやっぱりネズミが一番近いから子なんだ
重田,00:42:13:18,00:42:15:18,ではないってことか
重田,00:42:34:03,00:42:36:22,成分が変わってるっていうことなんですか
重田,00:42:38:03,00:42:48:12,なるほどね、じゃあ虫除けよく聞けば聞くほどなんか体に悪そうっていうんでもないのかなよく小鳥とか飼ってる人がねあんまり使わない方がいいとかっていう
重田,00:42:56:18,00:43:05:03,めちゃくちゃ怖いですよね人間のサイズの鳥のなんか特にあのなんていうのこうあの足?鳥って足?
重田,00:43:12:03,00:43:24:03,大きかったら怖い生き物って確かにどれだってそうですよね昔ほらミクロに人間がなるミクロキッズとか映画とかで虫が脅威なのね
重田,00:44:02:05,00:44:10:08,だからそういうことをよく知ってるってことですよねつまりその毒が寄生虫をやっつけるってことを
重田,00:44:12:03,00:44:15:00,だから人間がそれこそ火除けのスプレーするみたいな
重田,00:44:25:00,00:44:27:13,[HALLUCINATION_FILTERED]
重田,00:44:29:00,00:44:30:15,ちょっと待って何?どこで切るの?
重田,00:44:31:20,00:44:33:10,くまけ?くまけ?
重田,00:44:57:15,00:45:00:00,ああ、寄生されちゃうと。えっと、それ子供もってこと?
重田,00:45:13:20,00:45:20:03,フグがなんで自分の毒で死なないかとかも不思議ですよね。
重田,00:45:38:08,00:45:41:00,それは食べ物から毒を
重田,00:46:13:17,00:46:17:15,へぇ、なんか親しまれてるやつが赤いだけですか?
重田,00:46:30:22,00:46:33:07,何のために服毒に強いの?
重田,00:46:49:13,00:46:51:00,あ、あ、それ、スビー。
重田,00:47:09:05,00:47:14:05,なんだ。でも、あれか、イモリって爬虫類?
重田,00:47:15:07,00:47:19:23,両生類の中に割とあるの?なんかカエルでもよくいる
重田,00:47:24:18,00:47:29:07,ヤドクガエルって子供がなんかすごいちっちゃってすごい色がすごいから
重田,00:48:07:15,00:48:10:10,日本に来るとハエとか食べさせられる?
重田,00:48:23:15,00:48:25:13,イキガエルってどういうやつ?
重田,00:48:27:07,00:48:28:20,イボガエルって呼ばれてるやつ?
重田,00:48:33:17,00:48:39:20,なんか子供の時イボガエルって呼んでよく男の子たちがおしっこかけてやっつけてたこれは毒が
重田,00:48:42:05,00:48:47:15,逃げていくだけなんだけどみんなにおしっこをかけられてすごい見た目も気持ち悪いですよねちょっとねえっ
重田,00:48:53:23,00:48:57:23,私もカエル好きですけど確かにイポガエルもそこまで憎む必要ないの
重田,00:48:59:03,00:49:04:10,でもなんかちょっとこう表面がブツブツ確かに今でも全然見ない
重田,00:49:21:07,00:49:24:03,あっそうだからそれって外来集が入ってきちゃう
重田,00:49:34:15,00:49:39:13,え、ワニが?クロコダイルが?へえ、すごい毒なんですね
重田,00:49:40:22,00:49:47:03,じゃあ今引き換えるを見てもその日本のやつじゃなくてもっと外来種の結構毒の強いのがいるか
重田,00:49:55:23,00:49:57:15,何だったからじゃあ50個かけてたのただ
重田,00:49:59:23,00:50:01:20,わかんない すごい
重田,00:50:16:10,00:50:21:15,読んでみないと分からないけどなんかもう無意識にこう深層意識の中でね
重田,00:50:35:07,00:50:37:03,ちょっと気持ち悪くなっちゃうかもしれん
重田,00:50:50:05,00:50:52:03,私全然専門と何も関…
重田,00:50:53:05,00:50:58:10,だって毒でしょ?毒だもん関係ないと思う
重田,00:51:09:03,00:51:12:18,じゃあちょっと私の方の話もするってこと?はい、そうです
重田,00:51:15:20,00:51:17:07,[HALLUCINATION_FILTERED]
重田,00:51:28:08,00:51:43:00,いやそれは無理ドクと違ってだってそんなでもね今さっきの話とちょっと関連付けるならあの
重田,00:51:44:00,00:51:52:15,安全っていうことに関して、すごいこう安全っていうと誰も
重田,00:51:54:10,00:52:07:07,安全じゃないより安全な方がいいから安全にしましょうっていう風にもなるじゃないですかで、その安全にするとか安全っていうこと自体が結構近代
重田,00:52:20:22,00:52:24:05,そうだし、あと特に初期は
重田,00:52:27:03,00:52:34:00,あの疫病とかすごいじゃないですか特にちょっと今ちょうど授業でやってるんですけど
重田,00:52:35:07,00:52:37:10,14世紀とか15世紀
重田,00:52:40:00,00:52:43:13,熱するとかいうぐらい流行るでしょう
重田,00:52:49:17,00:53:01:13,最初にやりだしたのはイタリアとかの都市なんですけど要するにその町を全部区切ってこの通りは誰々がなんとか町だって言ってその通りの人が全部
重田,00:53:03:23,00:53:14:04,家の中の人たちは当然外に出れなくてずっとなんかそのなんていうのか変なこう紐で結んだなんかカゴみたいなので食べ物を入れたりとかするっていうのをやって
重田,00:53:14:04,00:53:24:10,30日間検疫期間をやるからそれをキャランティーヌってその検疫という意味にそのままなってるんですけどそういう形でその時にペストにやってたようなことを
重田,00:53:25:13,00:53:30:00,もうちょっと後の時代になると普段の人間の管理みたいなのを応用していく
重田,00:53:31:05,00:53:41:15,だからそういうやり方で病気を蔓延させないとか病気をやっつけるっていうか管理するっていうことを通じて統治
重田,00:53:42:22,00:53:51:17,そういう禁断統治っていうのがどんどん作られていくっていう側面とかがあるんですね。病気ともう一つセットなのが衛生。
重田,00:53:52:20,00:53:59:23,衛星っていうとそれこそも過去とかもそうだけどまああの例えば19世紀ぐらいでも
重田,00:54:13:15,00:54:16:15,テムズ川ってなんだっけ?
重田,00:54:19:00,00:54:30:00,それで なんか裁判所とかが 閉じちゃったらしいんですよ行けなくて 臭すぎて 誰もガスが充満しちゃって誰も外に出れないみたいになってそれで やっと下水道も
重田,00:54:30:00,00:54:41:00,作られたみたいなこと言われてるんですけど、なんかそういうこう、汚いものをきれいにするとか、あるいは病気をなくすっていうことを通じて、あの例えばね、あの
重田,00:54:43:13,00:54:48:08,19世紀のナポレオン三世の時なんだけどもうスラも全部こう
重田,00:54:49:17,00:55:01:20,大通りをバーッとこう作るみたいなことをやるんですよねだからその不潔なものをなくしたり病気をなくすとか貧困者の生活を改善すると称してまあ簡単に言うと
重田,00:55:03:03,00:55:06:03,やるっていうことがすごくあって
重田,00:55:07:05,00:55:14:10,ああ大丈夫大丈夫 近代のあの全然大丈夫 近代のまあ当地の一つのあり方
重田,00:55:15:20,00:55:19:03,安全とか安心を通じて
重田,00:55:58:03,00:56:09:23,[HALLUCINATION_FILTERED]
重田,00:56:09:23,00:56:21:17,そうじゃないですかなんかあの例えば血圧がどれぐらい以上になったらなんか危ないみたいなことを言ったりするのとかその血液の中の数値がこうなってるとそれこそそのどこまで
重田,00:56:22:18,00:56:27:03,でもそれって人によっては、めちゃくちゃ違うじゃない?本当は。
重田,00:56:28:05,00:56:32:22,一律で切ってこれ以上だと危ないみたいにして
重田,00:56:35:23,00:56:38:00,そういうことを食べてください
重田,00:56:39:03,00:56:52:22,そうなんですよ、そういうやり方で全部数値のコントロールを使って人間の行動パターンを管理したりとかあるいは今結構この辺とかもそうかもしれないけど今東京のいろんな場所で
重田,00:56:54:05,00:56:56:05,すごい再開発の波が
重田,00:56:58:03,00:57:17:07,もう何度目かわからないけどその時に下町の例えばあっちの方も柳中とかあっちの方もそうなんだけど高円寺とか今千歳からし山でもやってるんですけどあと渋谷でもやっててそういうところで何をやるかっていうとここの商店街は例えば危ないと西尾木の商店街とかも全部今
重田,00:57:21:10,00:57:23:17,要するにあれが入れないんですよ
重田,00:57:26:20,00:57:34:12,この商店街全部潰して道広くしなきゃダメだっていう風に言うんですよねでもそれってだから防災っていうことを言えば
重田,00:57:38:10,00:57:45:00,確かに防災した方がいいけど、でもそれこそ防災でゼロリスクに絶対できる。
重田,00:57:46:00,00:58:04:15,どこまでやるのがいいのかっていうのは本当はちゃんとそこに住んでる人たちを含めて話し合わなきゃいけないんだけどもう話し合いも何もなくてバッてその道路の線をね定規とかにバッて引いちゃってでその定規を引いてやるとあの不動産が儲かるわけ
重田,00:58:05:23,00:58:18:05,でも行政はみんなそっちの我だからもうだから東京都政とか特にひどいですからねもうみんなそのなんか不動産屋とか謎の設計事務所とかいろんなのと仲良しなのがいっぱい
重田,00:58:18:05,00:58:30:12,[HALLUCINATION_FILTERED]
重田,00:58:37:15,00:58:48:03,もともとはセキュリティっていう言葉で 多分安全って訳してるんだけどセキュリティっていうのはまあなんていうのかな
重田,00:58:49:13,00:58:58:05,割と社会の構造とか仕組みの方を重視している場合はセキュリティ安全といって安心な方は
重田,00:58:59:13,00:59:02:15,権利を重視した場合に安心という言葉を
重田,00:59:04:00,00:59:13:20,でも同じものの2つの側面っていうところがあるんじゃないかと思うんですよねだからそれですごいもうとにかくこうなんていうの
重田,00:59:15:17,00:59:21:20,安全って言ったらそれこそゼロリスクまで行かなきゃいけないってなったらどんな再開発
重田,00:59:28:12,00:59:36:05,当たり前ですよ、だって地面が揺れるんだよ、地震だったら。そんなこと、だからそれでね、東日本大震災の後の。
重田,00:59:39:15,00:59:47:05,なんかもう議論はあったけど結局だから海が全く見えないようにしちゃったわけでしょ
重田,01:00:13:20,01:00:24:00,そうなんですよね。だから一方で過剰に、それこそリスクをあおることによって、例えば再開発を進めていく。
重田,01:00:25:10,01:00:34:22,どこかに補助金を付けたりとかいう仕方でお金を使うってなるんだけど他方でリスクがあるかもしれないことを結構隠すっていう面も
重田,01:00:36:03,01:00:45:17,過剰評価するっていう面もあるじゃないですかだからそのそういうリスクとかまあそのある意味でまあ人間にとって
重田,01:00:47:05,01:00:52:12,有害っていうのは例えば毒もそうだし放射線とかだってそうだしそういう有害なものっていうのを
重田,01:00:53:13,01:00:55:07,すごい政治的に使われる
重田,01:00:56:20,01:01:11:17,そういうのを多分ミシェルフクオとかは思ってたというか私が思ってるのを勝手にそのフクオに投げてるだけかもしれないけどそういうなんかその安全とか安心っていうのがすごいポリティカルなものになってるっていう
重田,01:01:13:03,01:01:15:23,使われたりするかもしれないですね
重田,01:01:26:10,01:01:31:17,それもだからゼロリスク求めるのもポリティカルな話ですよ多分
重田,01:01:35:17,01:01:40:15,だからそれねそれを考えるとワクチンの時
重田,01:01:42:12,01:01:47:17,反ワクチンの人ってすごい安心を求めてたんでしょそうですねめちゃくちゃ安心できない
重田,01:01:51:05,01:02:01:07,どういうロジックがあるのかわからないけどちょっとでもワクチンにリスクがあるなら打ちたくないってことでしょ
重田,01:02:10:08,01:02:13:10,ワクチンを打たないリスクっていうの
重田,01:02:16:03,01:02:18:03,いや、どうか、そういう高いっていうのはないの、その人たち。
重田,01:02:20:22,01:02:26:03,あ〜でもそれは一応リスクを比較してるのかしら?なんかちょっと理解
重田,01:02:27:07,01:02:30:10,ちょっと難しいっていうかどういう
重田,01:02:31:10,01:02:33:20,なんかちょっとこうなんていうのかな
重田,01:02:35:05,01:02:40:20,理性じゃないっていうのかな判断の基準が
重田,01:02:57:13,01:03:01:17,自分は判断的に動いていくという要は完全に政治の話だと思うんですけど
重田,01:03:19:05,01:03:21:23,ああああ
重田,01:03:24:22,01:03:26:22,まだいこうもそうです
重田,01:03:41:05,01:03:46:22,そうそうまたすごいんでしょ?あれも型があるんだってねいくつかね
重田,01:03:55:07,01:04:06:12,あれだから、エプラってそんなに感染力は強くなくってただその血に触って、だから体液に触ってそこに傷があると、うつる可能性がある
重田,01:04:17:13,01:04:20:00,あったりとか
重田,01:04:21:05,01:04:25:03,政治的に何かを隠そうとして
重田,01:04:26:20,01:04:28:10,え、え、え
重田,01:04:30:08,01:04:32:00,[HALLUCINATION_FILTERED]
重田,01:04:45:17,01:04:50:12,それって何かそれを採取しているところがさらちになっている
重田,01:04:55:07,01:04:58:18,多いからっていうのもあるわけ、単純に。
重田,01:05:04:15,01:05:15:23,なんか時々やってますよね、テレビとかの特集で、その水銀でブワーってこう、金をなんかその砂金みたいになってるやつを取るために、うん、水銀使ってっていう。
重田,01:05:44:22,01:05:46:10,髪の毛を取るのも嫌ってことですね。
重田,01:05:54:12,01:05:56:08,ああああああ
重田,01:06:32:10,01:06:40:20,[HALLUCINATION_FILTERED]
重田,01:06:41:23,01:06:49:10,だから常にヨーロッパの影みたいな形でいろんなことされてますよね
重田,01:06:50:15,01:07:00:18,西洋近代によってひどい目に伝わされてきてるからそれでまたなんか援助とか入ったりするでしょうね援助とか入ったりする時のその援助もなんかもいろんなことがあって
重田,01:07:00:18,01:07:10:20,それでなんか警戒心が強いっていうのはもうなんか日本とかとはやっぱり地理的にもちょっと違うってまああの
重田,01:07:39:00,01:07:41:15,もちろんですよだからその科学っていうのがだって
重田,01:07:42:20,01:07:52:00,科学が一番嫌なんだもんそれはでも近代科学にひどい目に合わされてきたっていう歴史がやっぱりすごく
重田,01:08:01:20,01:08:05:05,当然それはそうですよだって科学が一番嫌なんだと思いますよそれ
重田,01:08:28:03,01:08:41:13,そうでしょうねだから科学的な説明みたいなものって実は日本でも全然人気がないっていうかそういうことを言ってる人たちがいるなぐらいの感じで
重田,01:08:41:13,01:08:54:23,そういう意味ではやっぱり理系の人と文系の人のそういうものの受け止め方の温度差みたいなのも結構あると思うんですよそうですかあると思いますだから何だろうなそれはあの
重田,01:08:58:12,01:09:00:23,いやそんな風に
重田,01:09:04:05,01:09:12:03,思うことってすごく多くて、特にだから統計ですよね。統計を使った通知を使って
重田,01:09:13:10,01:09:25:00,そうそう、データを使ったっていうのに関しては、今、文系理系って分ける分け方ができるのかちょっと分からないけど、社会科学、私社会科学の学部にいるので、社会科学の学部にいるので、
重田,01:09:25:00,01:09:36:15,社会科学にめちゃくちゃ入ってきてるんですよね理系の招っこをする時に社会科学が理系の招っこをする時に因果論ってあんまり無理じゃないですかだから科学式みたいなのを作ってやるって
重田,01:09:37:15,01:09:48:12,だけど統計だとできるじゃないですかデータ集めてやるっていうのはできるのでそっちがものすごく入ってきてるんですよねで、そのなんかある種のこう
重田,01:09:49:15,01:09:59:03,なんだろうなその理系の人が統計使う時だったらもっと慎重にやるし当然受け入れないような素朴な科学主義みたいなのが普通に受け入れる
重田,01:10:00:10,01:10:02:12,そういう研究している人に
重田,01:10:29:00,01:10:42:06,言葉の使い分けねそれはそうなのかもしれないどうせ大した違いもないことを注意してたりすることも多いんですけどそういうことには敏感なのに
重田,01:10:42:06,01:10:55:13,割と数値っていうのが出た途端にすごいなんか数値進行とかなんかデータ主義みたいなのって素朴に社会科学の人とかの方がなんか強いのかもしれない
重田,01:11:13:10,01:11:28:02,[HALLUCINATION_FILTERED]
重田,01:11:28:02,01:11:42:18,どういう行動をするかということは別に何も決まっていないわけじゃないですかでもリスクのコミュニケーションというのはリスクがこうだと言われたときにじゃあどうするのということとかかってくるわけですねだからどう判断するかということと同時に
重田,01:11:42:18,01:11:57:10,どう行動するかということと 多分関わってくると思うんですけどそういうところに関しては多分一番最初にそれが ヨーロッパで論争されたのって首都論争
重田,01:11:59:07,01:12:01:05,天然と
重田,01:12:03:20,01:12:21:06,だからペストが下火になるとガーッて天然とかあれ何なんですかね一つが終わると次が来てまたその後コレラがガーッて来るんですけどもその後インフルエンザが来るでしょみたいな感じで流行病っていうのがガーッとなっていくってことがあるんですけども
重田,01:12:21:06,01:12:38:18,その天然痘の時に初めてワクチン接種っていうのをヨーロッパでやるんですよねでもワクチン接種って別にそれ以前からトロボから入ってくるんだけどいろんなところで結構民間療法でやられてたっていう特にイスラム圏では普通に
重田,01:12:38:18,01:12:56:04,結構やってたことだったらしいんですけどもその首頭って最初は人頭だからすごくリスクが高いわけですよね牛頭じゃなくて人頭だから人のあれなんですけども牛頭っていうのは牛でやるじゃないですかまあ当然わかってると思うんですけど
重田,01:12:56:04,01:13:13:15,牛は、牛になったらリスクが下がる。ジェンナーとか有名な人もいますけど、人頭の時って死ぬリスクとかも結構あって、だけど、その人頭摂取をやって死ぬリスクと、電熱にかかって死ぬリスクと、どっちが高いかっていう論争をかなりやる。
重田,01:13:14:15,01:13:22:18,そこで初めてリスクとリスクをリスクって言葉はないですリスクって言葉は多分19世紀に入ってから
重田,01:13:34:05,01:13:51:13,いやでもそれはもう全然地中海貿易があってそこの中でもう海上保険とかはかなり前から多分10世紀より前からあったのでだけどそれリスクっていう言葉では呼んでなかったっていうことなんですけどもそれがリスクって呼ばれるようになったのは
重田,01:13:53:00,01:14:00:00,19世紀のだいぶアートだと思いますなんかあれですよね、あの工場とかで
重田,01:14:01:00,01:14:20:18,労災最初に出てきてだからやたら人が死んだり怪我したりする産業とそうじゃない産業があるんですかそれを分けてみたいな議論の時に初めて言葉としては多分リスクって言葉でできてこれまでそれこそ会場の輸送とかあとは年金とかそういうのでやってたのもこれ全部リスクじゃんって後になっていくってことだと思うんですけど
重田,01:14:20:18,01:14:40:10,だからその接種も要するにリスクっていう言葉で後から言われるんだけどそれを比較した時に個人がどっちの選択をするのかみたいなことが本当にすごく論争されたのってそこが多分最初でずっとその後もその論争が続いてるんだけど答えは
重田,01:14:41:20,01:14:47:07,で今に至るみたいな感じに多分なってるんだと思うんですねだから子宮経がワクチンの時とかも結構
重田,01:14:48:23,01:15:03:16,一回中止されてもうやらないってなったけどだいぶ経ってからやっぱりこれはやった方がいいんだって風になって今はもうなんかいろんなことをもちろんその復反応とかあると思うんだけどそれがいちいちニュースになることもない
重田,01:15:03:16,01:15:18:10,っていう風になったわけですよねだけどそういうリスクに関するやっぱり論争っていうのは特にワクチンとか人体に直接関わるものに関しては非常にみんなナーバスになるっていうのかなそういうことが続いてる
重田,01:15:19:10,01:15:21:10,多分そうだと思います。
重田,01:15:22:10,01:15:24:00,だから
重田,01:15:43:20,01:15:47:10,[HALLUCINATION_FILTERED]
重田,01:16:06:15,01:16:17:13,でもなんかやっぱり毒の話とかやっぱりあれですよね体に良い悪いみたいな話ではあったからそれなりにまとまりが
重田,01:16:18:15,01:16:20:23,まとまりじゃないか
重田,01:16:35:10,01:16:37:10,化学反応
重田,01:16:59:13,01:17:15:03,いやそれ難しいですよねでもほらそのねプラスチックマイクロプラスチックとかの話っていうのは結局便利である人たちとリスクを負う人たちがずれるじゃない
重田,01:17:27:07,01:17:38:20,もちろんもちろんだからリスクを負う人っていうのがそれを便利に使ってる人とやっぱりずれて例えば今私たちが出してるものってこの代孫の代に
重田,01:17:40:15,01:17:57:19,だからであとは私たちが便利に使ってる携帯のレアメタルとかもそれを取るためにリスクを売ってるのはアフリカの人だったりとかやっぱりその便利さとリスクっていうのが全く同じ人に来るんだったらそれを比較考慮ってできるけど
重田,01:17:57:19,01:18:14:23,そこが環境問題ってずれるじゃないですか常にだからそれこそやっぱり水っていうのがめちゃくちゃ大きいと思うんですけどせっかくここに来たからっていうのもあるけどなんか水ってすごい私すごいものだなと思うんですけど毒を洗い流してくれるでしょう水って
重田,01:18:21:00,01:18:27:23,だからまさにそれで水は毒を洗い流してくれるけどその毒を世界中にまき散らしもするわけです
重田,01:18:29:03,01:18:36:15,だからそういうこうなんて量儀性っていうか人間がその出す毒の量が増えすぎちゃっています
重田,01:18:37:17,01:18:40:00,何分の1が医療から出ているの?
重田,01:18:46:18,01:18:49:20,だから洗濯するたびにヒートデックから出るとかって言うじゃない
重田,01:18:57:20,01:19:09:17,でもそのペットボトルを飲んでタイヤを使ってヒートテックを着てる人とそのマイナスの影響を受けてる存在っていうのはそれこそ動物とかも含めたらね
重田,01:19:11:03,01:19:14:08,なんか魚とかは別にペットボトル飲まないじゃん
重田,01:19:16:00,01:19:34:10,だけど魚がすっごい一番だって影響を受けるわけだから水でって考えると本当にそのリスクとそれを負うものリスクを出す存在とそれを負う存在が完全にずれてるからそこはなんかね自業自得だって風にならないじゃない
重田,01:19:35:13,01:19:40:03,それが環境問題の難しさだなって思いますけどね
重田,01:19:44:12,01:19:47:13,ワンヘルス
重田,01:19:56:00,01:19:59:05,[HALLUCINATION_FILTERED]
重田,01:20:05:23,01:20:20:08,そうなんですよ。なんかね、あのね、マリー・モニク・ロヴァンっていうフランスのドキュメンタリー作家がいるんですけど、モンサントの不自然な食べ物っていうあれを取った人なんですけど、モンサントがすごい嫌いで。
重田,01:20:20:08,01:20:34:18,撮った人なんですけど、その人がなぜ新型ウイルスが次々と世界を襲うのかっていう映画をその後撮ってそれを今度明治で上映会やるんだけどその中でやっぱり最後にワンヘルスっていうのが出てくる
重田,01:20:36:00,01:20:48:18,そうだからワンヘルスっていうことが結局はそういうこうなんていうのかな新型ウイルスが世界を襲って人々が病気になることと森が切られていることとかその水の中に風営業化がね
重田,01:20:51:17,01:21:00:10,いるのだみたいなことの中でワンヘルスって言われてるからキーワードなのかな誰がいいなんか国連かなんかで言い出したことが
重田,01:21:22:03,01:21:25:20,だからそれはその映画の主題が新型ウイルスだから感染症だ
重田,01:21:30:18,01:21:32:08,その頃言われてたのに何にも恐れ
重田,01:21:38:18,01:21:46:20,アンヘルスね。でもその考え方ってすごい一言でいろんなものがつながってるっていうのを表してて、なるほどなっていう風に。
重田,01:22:04:15,01:22:23:14,そうそうなりますだからそれでやっぱりミシェル風光っていう人は84年かなんかに死ぬんですよ26年生まれで84年に死ぬんですけどその頃ってまだ環境問題ってそこまで来てない頃だったんですよねそれともう一つは植民地の問題っていうのが今人文学の方です
重田,01:22:23:14,01:22:42:13,すごく言われていて、例えば歴史学とかも、昔はヨーロッパだったらヨーロッパ市だけやってて、イギリスだったらイギリスだけやってたけど、何言ってるの、この時代のイギリスって奴隷めちゃくちゃ売ってたじゃんってなって、今グローバルヒストリーなんですよね。世界大で見ないと一国史では語れないってなってるから、その植民地とか人間の搾取の問題と、
重田,01:22:42:13,01:23:01:13,あとは環境って自然の作種の問題その2つの作種をやっぱり感化してきたんですよねこれまでのヨーロッパ中心の歴史学とか人文学全体がそれを今入れていかなきゃいけないってなるともう全然そんな単純に言えないことが多いですよだからやることがいっぱいあってもう年なのに
重田,01:23:03:07,01:23:21:09,面白いんだけど、そうまさにそうおっしゃる通りですよ。今まで全然それを見てこなかったっていうのがあると思います。だからそういうところではすごく文系理系って分けてるけど、毒の研究とかってやっぱりそういうの全部つながっていっちゃうでしょ。だからそういう、あのー。
重田,01:23:21:09,01:23:39:10,生態系の研究してる人たちとね、前、この間勉強会やったんですよ。農学部のね、東大の農学部に宮下先生っていう、なんかシジミ町の、シジミ町が来る、なんだっけ、ソバとシジミ町って読んでるんだけど。なんか、その生態系をどうやって、あの里山のこととか、
重田,01:23:40:12,01:23:50:10,そういう話と私たちがやってきたことはつながるんですよねやっぱりねだから本当そうだなってすみません
重田,01:23:59:15,01:24:01:05,これ今日はこっちに泊まられ
重田,01:24:02:05,01:24:06:08,大変だそうなんですねじゃあすいませんなんかあの大丈夫
重田,01:24:08:10,01:24:11:07,そうなんだ、来て帰るの?来て帰ります。
重田,01:24:13:23,01:24:18:18,今度はお金があるか
重田,01:24:20:10,01:24:22:05,本当にね
重田,01:24:27:03,01:24:29:13,いやすごい面白かった何学部なんですか
重田,01:24:32:03,01:24:36:05,毒の中の、動物の毒みたいな。
重田,01:24:38:20,01:24:44:15,いや、怖っ。えー、なんでそんなこと研究しようと思ったんですか。いや、ごめん、また話が。
重田,01:24:45:18,01:24:50:12,毒が好きなんだえ、それちょっと私毒の研究してみようって最初思ったのって高校生ぐらい?
重田,01:24:53:03,01:24:54:23,だからそのこのこと
重田,01:25:03:00,01:25:18:08,そっちから入ってるんだ環境汚染とかの方からなるほどねそれは素晴らしい何かうまくつながることがあったらぜひ公園とかを明治とかでねただ来ていただくのがね
重田,01:25:23:05,01:25:26:15,そうなんですよ、そのね、ついでじゃないとお金をちょっともくらっしゃる。
重田,01:25:29:07,01:25:44:00,4万円しかくれないの。でも4万円だと無理じゃん。交通費にもならない。でも全員4万円とか決まってて、お金くれないんですよ。だから、ついでの時にね、是非あればすごく面白いと思います。
重田,01:25:45:10,01:25:49:00,編理融合みたいなところが一番面白いんですよ
重田,01:25:56:10,01:25:59:03,そうなんだ
重田,01:26:10:15,01:26:27:18,ああ確かにねだから方角の視点っていうのもね結構ありますよねやっぱりなんかさ国とか地域のその枠組み作ってんのって結局規制とか法だからそこを見ないとわからないところって確かにありますよねなるほどねいやなんか素晴らしい面白い話
重田,01:26:56:10,01:27:02:00,それは人類学の人とかもやっぱりそういうの確かに
重田,01:27:07:03,01:27:17:20,だからまあ心理とかも関係ありますねそれこそね人を説得していくときになんかやっぱりほら抗菌を使って例えば何かをやるときって無駄遣いだってすぐ言われる
重田,01:27:18:23,01:27:27:13,それを説得するルールみたいなものってそれこそ理性だけじゃないからいろいろ文系的な地っていうのが確かに
重田,01:27:36:22,01:27:40:18,まあでもそうですよね 綺麗にするっていう時にどの方向で綺麗にするかっていうのもあります
重田,01:27:41:18,01:27:45:05,なんかだから全部埋めちゃったらそれが綺麗なのかって塗装じゃん
重田,01:27:50:20,01:27:54:10,お金がかかりすぎるってことかそういうのもあるんだ
重田,01:27:57:05,01:27:59:05,めちゃくちゃお金かかるもん
重田,01:28:03:10,01:28:09:00,やっぱり日本ってでもこの柵をつけるじゃないセーヌ川とか柵つけないですからね
重田,01:28:10:02,01:28:23:05,それこそ入ることもできるし入る人あんまりいないけどやっぱりね安全っていうことに関して日本の過剰な要求に応えなきゃいけないっていうのはあると思う
重田,01:28:25:13,01:28:39:00,そうだからダメなんですよつっつけなきゃいけないっていうのがあってそこはやっぱり日本の独特の文化というかなんというか昔からそうじゃなかったと思うんだけどいつからそうなったんでしょうね本当にそこのほらここに
重田,01:28:40:05,01:28:43:07,ここに柵をつけなきゃいけないっていうのがもう
重田,01:28:44:20,01:28:59:03,でも柵があれば落ちないですよねだからでも水辺まで行けないんですよね結局ね柵を作ることによってだからなんかそのよそよそしさっていうかやっぱ西野川って観光資源だからすっごい世界中の人が来るでしょそれでみんな
重田,01:29:04:15,01:29:06:08,[HALLUCINATION_FILTERED]
重田,01:29:08:20,01:29:13:03,そうですよね。でもまあそのまま汚れることは汚れますよね。
重田,01:29:14:15,01:29:16:20,うーん
重田,01:29:20:00,01:29:23:15,[HALLUCINATION_FILTERED]
重田,01:29:27:13,01:29:37:16,でも、隅田川も一時期は汚くなったかもしれないけど、元々江戸時代はやっぱりすごい水運があったし、肥料を全部こうね、あの…
重田,01:29:37:16,01:29:47:20,人粉を全部やるエコシステムができてたわけだからセーヌよりもはるかに誇らしい川だとは思うめちゃくちゃ汚かったらしいんで
重田,01:29:55:03,01:29:58:18,ああ、そうですか。ありがとうございます。
重田,01:30:00:22,01:30:07:18,なんかでも台本もなしで大丈夫なのかと思ったけど全然良かったです本当に面白いお話を
