Filename;Speaker;Start Timestamp;End Timestamp;Transcript
00095_Bmic;;00:00;00:00;"ここに行きます"
00095_Bmic;Speaker 1;00:01;00:02;"はい"
00095_Bmic;Speaker 2;00:27;00:29;"この上"
00095_Bmic;Speaker 1;00:30;00:31;"話したいことみたいな感じで。"
00095_Bmic;Speaker 1;00:33;00:34;"社会科学者ですけど。"
00095_Bmic;Speaker 1;00:36;00:37;"学者学者になっちゃうと どうしても。"
00095_Bmic;Speaker 1;00:42;00:46;"本当に雑談がベースなので 一番 固くなりそうなのが"
00095_Bmic;Speaker 1;00:47;00:49;"お互いを先生呼びしちゃうと。"
00095_Bmic;Speaker 1;00:50;00:53;"特に伊藤さんから舟引さんに 完全に先生だと思うんですけど。"
00095_Bmic;Speaker 1;00:54;00:55;"そこをなんとか"
00095_Bmic;Speaker 1;00:57;01:00;"山付け伊藤さん船引さんでお願いします"
00095_Bmic;Speaker 3;01:00;01:01;"ありがとうございます"
00095_Bmic;Speaker 1;01:03;01:04;"ではですね"
00095_Bmic;Speaker 3;01:05;01:08;"僕も自分で先生はとか"
00095_Bmic;Speaker 1;01:08;01:11;"自称で先生はとかあまり言わない方なの"
00095_Bmic;Speaker 1;01:12;01:13;"そうですよね"
00095_Bmic;Speaker 1;01:13;01:14;"そうですよね"
00095_Bmic;Speaker 1;01:14;01:15;"言いましょう"
00095_Bmic;Speaker 1;01:16;01:20;"そしたらお互いのコート来たままで大丈夫です"
00095_Bmic;Speaker 1;01:20;01:28;"で、えっと、船引さんは右手に座ってる伊藤さんに向かうので、マイクこっち側に"
00095_Bmic;Speaker 1;01:28;01:29;"ああ、わかりました。"
00095_Bmic;Speaker 1;01:29;01:30;"あ、はい。"
00095_Bmic;Speaker 1;01:30;01:32;"フリップを止めちゃってください。"
00095_Bmic;Speaker 1;01:37;01:40;"ここがフリップなので、このまま。"
00095_Bmic;Speaker 1;01:40;01:42;"うっ、うまくいくかな。"
00095_Bmic;Speaker 1;01:42;01:43;"ああ、そういうことですね。"
00095_Bmic;Speaker 1;02:06;02:07;"音を聞きながらやってますので"
00095_Bmic;Speaker 1;02:10;02:13;"マイクがこれが逆"
00095_Bmic;Speaker 1;02:13;02:14;"こうですね"
00095_Bmic;Speaker 1;02:14;02:15;"そうするとこう"
00095_Bmic;Speaker 1;02:16;02:18;"内側についているのか。こうしましょうか。"
00095_Bmic;Speaker 1;02:23;02:28;"紐は上にフワッとさせておくと紐が引っかからないでいい。"
00095_Bmic;Speaker 1;02:28;02:28;"ああ、わかりました。"
00095_Bmic;Speaker 1;02:30;02:32;"ここで見えちゃっていいんですよ。"
00095_Bmic;Speaker 1;02:33;02:35;"これ脱ぎそうであるので、わかんないけど。"
00095_Bmic;Speaker 1;02:36;02:38;"もう少し顔に近づけたらわかります。"
00095_Bmic;Speaker 3;02:39;02:39;"そうだね。"
00095_Bmic;Speaker 3;02:40;02:43;"ちょっとこのコート着てるのはなんだなぁと思うし"
00095_Bmic;Speaker 1;02:49;02:49;"ここか?"
00095_Bmic;Speaker 1;02:51;02:53;"そうか、映像はないんだ"
00095_Bmic;Speaker 1;02:54;02:57;"持ってて喋ってでも大丈夫だったらいい"
00095_Bmic;Speaker 3;02:59;03:00;"小寺さん、これはどうでしょう?"
00095_Bmic;Speaker 1;03:01;03:02;"ちょっと聞いてみますね"
00095_Bmic;Speaker 1;03:03;03:05;"喋ってて、服に引っかからなければOK"
00095_Bmic;Speaker 3;03:07;03:09;"これを取れば"
00095_Bmic;Speaker 3;03:10;03:12;"ふぅ、こんなところですかね。"
00095_Bmic;Speaker 3;03:20;03:21;"一応離しています。"
00095_Bmic;Speaker 3;03:21;03:22;"はい。"
00095_Bmic;Speaker 2;03:23;03:25;"はい、じゃあ私の方も大丈夫でしょうか。"
00095_Bmic;Speaker 2;03:25;03:25;"はい。"
00095_Bmic;Speaker 2;03:25;03:27;"一方ポケット入れちゃってください。"
00095_Bmic;Speaker 1;03:27;03:28;"これですね。はい。"
00095_Bmic;Speaker 1;03:30;03:32;"紐を触るとそのまま音にノイズになっちゃいます。"
00095_Bmic;Speaker 1;03:33;03:33;"はい。"
00095_Bmic;Speaker 1;03:34;03:39;"紐が上がり、紐が上がり、紐が上がり、紐が上がり、紐が上がり、紐が"
00095_Bmic;Speaker 1;03:40;03:46;"そうですね。それがもっと完全に東京駅を見ながらしゃべります。"
00095_Bmic;Speaker 3;03:47;03:48;"あそこ寒そうだけどなかった。"
00095_Bmic;Speaker 2;03:49;03:53;"最初、ここでいいです。私はそちら側に来て、こういう感じで。"
00095_Bmic;Speaker 1;03:54;03:55;"こっちじゃないですか。"
00095_Bmic;Speaker 1;03:56;03:56;"はい。"
00095_Bmic;Speaker 3;03:58;04:00;"じゃあ、言われる通りに。"
00095_Bmic;Speaker 1;04:03;04:04;"寒くなければなりません"
00095_Bmic;Speaker 3;04:16;04:16;"なるほど"
00095_Bmic;Speaker 3;04:22;04:32;"なぜか勝手に相手の方が右にいるのが趣味という"
00095_Bmic;Speaker 3;04:53;04:55;"あ、そうかそうか思い出した"
00095_Bmic;Speaker 3;05:12;05:13;"いやーなんかでもね"
00095_Bmic;Speaker 3;05:16;05:16;"直前"
00095_Bmic;Speaker 3;05:41;05:42;"あったこれだ"
00095_Bmic;Speaker 3;05:43;05:44;"なぜかあった"
00095_Bmic;Speaker 3;05:47;05:49;"いやすごいの直前記憶がね"
00095_Bmic;Speaker 3;05:50;05:52;"超短くなってるわけよ"
00095_Bmic;Speaker 3;05:54;05:58;"博士のなんとかとかああいう感じで15秒ぐらいがあるので"
00095_Bmic;Speaker 3;06:00;06:02;"すごいもんですよそれは"
00095_Bmic;Speaker 3;06:04;06:04;"人はね"
00095_Bmic;Speaker 3;06:08;06:08;"はい"
00095_Bmic;Speaker 2;06:35;06:35;"初めまして"
00095_Bmic;Speaker 2;06:35;06:36;"よろしくお願いします"
00095_Bmic;Speaker 2;06:36;06:37;"伊藤と申します"
00095_Bmic;Speaker 1;06:37;06:38;"船引です"
00095_Bmic;Speaker 2;06:38;06:39;"よろしくお願いします"
00095_Bmic;Speaker 2;06:41;06:44;"今日はですね東京駅がすごく景色が見える"
00095_Bmic;Speaker 2;06:45;06:46;"いいところでって感じですが"
00095_Bmic;Speaker 2;06:46;06:50;"普段東京駅とか使われますか"
00095_Bmic;Speaker 3;06:50;06:51;"えーっと"
00095_Bmic;Speaker 3;06:53;06:56;"まあ新幹線で使いますね"
00095_Bmic;Speaker 2;06:56;06:57;"はいはいはい"
00095_Bmic;Speaker 2;06:58;07:02;"私も普段研究所は都内にあるんですけど"
00095_Bmic;Speaker 2;07:02;07:05;"大学国際大学って言ったら"
00095_Bmic;Speaker 2;07:05;07:10;"そこのメインのキャンパスが新潟県の南魚沼市にあるんですよね"
00095_Bmic;Speaker 3;07:10;07:11;"知ってました"
00095_Bmic;Speaker 3;07:11;07:18;"昔僕の先生久門俊平さんとかそういう方がいらして"
00095_Bmic;Speaker 3;07:19;07:23;"ちょっと後輩もグローバルにずっといた人もいたり"
00095_Bmic;Speaker 3;07:23;07:24;"そうですよね"
00095_Bmic;Speaker 2;07:25;07:30;"私も久門先生がもともとは所長を務めていたところにいますので"
00095_Bmic;Speaker 2;07:30;07:34;"大学の方は月に1回1回行かないかぐらいなんですけど"
00095_Bmic;Speaker 2;07:34;07:38;"この時期もなんやかんやで南大沼の街づくりとか関わっているので"
00095_Bmic;Speaker 2;07:38;07:39;"月に1回くらい行っていて"
00095_Bmic;Speaker 2;07:40;07:41;"そうするとやっぱり東京駅出て"
00095_Bmic;Speaker 2;07:42;07:43;"1時間ちょっとで着くので"
00095_Bmic;Speaker 2;07:44;07:46;"もう全く違う銀世界というかですね"
00095_Bmic;Speaker 2;07:47;07:50;"この時期雪が2メートル3メートルみたいな感じで"
00095_Bmic;Speaker 2;07:51;07:54;"本当に1時間でここまでこれがすごいなと"
00095_Bmic;Speaker 2;07:54;07:56;"つくづく思うんですよね"
00095_Bmic;Speaker 3;07:56;07:58;"でも何か書かれてたけど"
00095_Bmic;Speaker 3;07:59;08:03;"駅もない鉄道も走っていない"
00095_Bmic;Speaker 2;08:04;08:10;"私は出身が長野県で、安住野とか白馬とか大町とかあのあたりなんです。"
00095_Bmic;Speaker 2;08:12;08:18;"地元小さな1万人弱くらいの町だったので、国道がなくて、鉄道もなくて。"
00095_Bmic;Speaker 2;08:20;08:29;"本当に完全な車社会で、高校勢いになったら電車に乗ってはいくんですけれども、"
00095_Bmic;Speaker 2;08:30;08:32;"行動範囲はすごく閉じた"
00095_Bmic;Speaker 2;08:33;08:37;"今思うと少年時代を過ごしていたなという風に思うところです"
00095_Bmic;Speaker 3;08:37;08:41;"昔よく上城というところに"
00095_Bmic;Speaker 3;08:43;08:45;"3年ぐらい夏続けて"
00095_Bmic;Speaker 3;08:47;08:49;"一月近く行ってました"
00095_Bmic;Speaker 2;08:49;08:50;"調査で"
00095_Bmic;Speaker 3;08:50;08:51;"調査じゃなくてね"
00095_Bmic;Speaker 3;08:52;08:55;"昔なんか学生村とかいうのを"
00095_Bmic;Speaker 3;08:56;08:57;"県がやっていて"
00095_Bmic;Speaker 3;08:58;09:03;"1日1泊3食付きで800円とか"
00095_Bmic;Speaker 3;09:04;09:06;"民宿を800円はオーバーかな"
00095_Bmic;Speaker 3;09:07;09:08;"1500円くらいの"
00095_Bmic;Speaker 3;09:09;09:12;"大昔ですから800円かもしれませんね"
00095_Bmic;Speaker 2;09:12;09:13;"学生時代?"
00095_Bmic;Speaker 3;09:13;09:15;"学生時代行ってました"
00095_Bmic;Speaker 3;09:16;09:17;"それも3回くらい連続して"
00095_Bmic;Speaker 2;09:18;09:21;"そういろんな大学から学生が集まって"
00095_Bmic;Speaker 3;09:22;09:24;"そんなでもない"
00095_Bmic;Speaker 3;09:24;09:27;"そのうちだけで3部屋ぐらいそうなっていて"
00095_Bmic;Speaker 3;09:28;09:33;"それでそこの方とは今でも年賀賞やり取りしておりますね"
00095_Bmic;Speaker 3;09:35;09:41;"だから上城それから白馬に夏下駄で行ったこともあって"
00095_Bmic;Speaker 3;09:42;09:43;"懐かしい場所です"
00095_Bmic;Speaker 2;09:44;09:48;"私はまさに白馬最近でこそスキーとかあんまりやらないんですけど"
00095_Bmic;Speaker 2;09:48;09:52;"子供の頃父と一緒に毎週は言い過ぎかもしれないですけど"
00095_Bmic;Speaker 2;09:52;09:52;"はい、はい。"
00095_Bmic;Speaker 2;09:53;09:56;"白馬も本当に様子が変わって、というか、"
00095_Bmic;Speaker 2;09:57;10:03;"私の父の弟、おじが今でも白馬のあるスキー場で、冬場はここなんですよね。"
00095_Bmic;Speaker 1;10:03;10:05;"駐車場の整備員をやっているんですね。"
00095_Bmic;Speaker 2;10:05;10:12;"そうすると、まさにここ最近は本当にインバウンドの方、海外からの方がすごく多いので、"
00095_Bmic;Speaker 2;10:12;10:13;"外国の方が。"
00095_Bmic;Speaker 2;10:13;10:20;"父もたまにスキー行くと思うんですけど、平日の昼間行くと8割9割多分、海外からの方で、"
00095_Bmic;Speaker 2;10:20;10:22;"日本人の方が探すのが難しい"
00095_Bmic;Speaker 3;10:23;10:24;"そうなんですよね"
00095_Bmic;Speaker 3;10:26;10:29;"その5本を読ませていただいて"
00095_Bmic;Speaker 3;10:30;10:33;"そういういろいろなことを思い出しましたが"
00095_Bmic;Speaker 3;10:34;10:36;"私が白馬に行ってた頃は"
00095_Bmic;Speaker 3;10:36;10:40;"多分冬は人が来ても夏が来ないので"
00095_Bmic;Speaker 3;10:41;10:45;"それであの頃は長野のいろんな自治体が"
00095_Bmic;Speaker 3;10:45;10:47;"東京からの学生の"
00095_Bmic;Speaker 3;10:47;10:53;"例えば受験勉強とかひと夏 引き受けるっていうのがあって"
00095_Bmic;Speaker 2;10:54;10:57;"誘惑がないところで合宿に行って 勉強しようと"
00095_Bmic;Speaker 3;10:57;11:00;"いやみんなでもないんですよ 一人で行ってました"
00095_Bmic;Speaker 3;11:01;11:08;"私はたまたま大学受験の時は 白馬ではなくて別のところでしたけれども"
00095_Bmic;Speaker 3;11:08;11:12;"もっと飯田の方でしたが"
00095_Bmic;Speaker 2;11:12;11:14;"同じ長野県で、下の方に。"
00095_Bmic;Speaker 3;11:14;11:17;"それで長野が好きになって、大学に入ってからも、"
00095_Bmic;Speaker 3;11:18;11:27;"毎夏、上城というところのMさんのお宅にずっと行っていて、"
00095_Bmic;Speaker 3;11:29;11:31;"長野は素晴らしいところですよね。"
00095_Bmic;Speaker 3;11:32;11:35;"伊藤さんがいるから申し上げるわけではないけど。"
00095_Bmic;Speaker 2;11:36;11:39;"元々ご出身とか生まればどちらでしたか?"
00095_Bmic;Speaker 2;11:39;11:42;"東京です。東京の世田谷です。"
00095_Bmic;Speaker 2;11:44;11:49;"結構あれですか?子供の頃、もしくは中高の頃なんかは旅行行ったりとか、"
00095_Bmic;Speaker 2;11:50;11:52;"学校行ったりはどうだったんですか?"
00095_Bmic;Speaker 3;11:54;12:03;"例えば小学校の時初めて関西の親戚を訪ねたりとか、それが一番の旅行でしたかね。"
00095_Bmic;Speaker 3;12:03;12:05;"その時、高野山に行ったりとか"
00095_Bmic;Speaker 3;12:07;12:12;"あとはそれこそ修学旅行ですよね 京都に行くとか"
00095_Bmic;Speaker 2;12:13;12:20;"それこそあれですよね、東京駅もかなり綺麗な見た目になっていって 周りも整備されてですけど"
00095_Bmic;Speaker 2;12:20;12:25;"本当に多分戦後すぐ生まれて そこから日本の、ある種なんて言うんですか"
00095_Bmic;Speaker 2;12:25;12:30;"戦後日本の発展、交通網の発展と 変更してきたようなところがあると思うので"
00095_Bmic;Speaker 2;12:30;12:31;"そうなんですよ"
00095_Bmic;Speaker 2;12:31;12:33;"全然移動スタイルは近まってきますよね"
00095_Bmic;Speaker 3;12:34;12:34;"そうですね"
00095_Bmic;Speaker 3;12:37;12:40;"あまり本の話ばかりはいけないのかよく分からないけど"
00095_Bmic;Speaker 3;12:41;12:43;"やっぱり一番印象深かったのが"
00095_Bmic;Speaker 3;12:44;12:47;"本当に旅することはいいことだと思って"
00095_Bmic;Speaker 3;12:48;12:51;"旅に憧れて外国旅行に憧れて"
00095_Bmic;Speaker 3;12:51;12:54;"アルバイトしてお金貯めてヨーロッパに行って"
00095_Bmic;Speaker 1;12:57;13:00;"それが階級と結びつくと思っていなくて"
00095_Bmic;Speaker 3;13:00;13:20;"もちろん、なんていうか、上昇志向の中で外国旅行なんかもしたし、京都に行くとかね、旅行する時もいわば何かこういいこと、上昇志向はあったわけだから、階級とまさに結びついてたんだなぁと、今更ながら5本読んで思いました。"
00095_Bmic;Speaker 3;13:20;13:24;"そこはかなり最初の4,50ページでびっくりで"
00095_Bmic;Speaker 3;13:26;13:29;"旅行するのは絶対いいことで"
00095_Bmic;Speaker 3;13:29;13:31;"いいことを人より先にしてるっていう"
00095_Bmic;Speaker 3;13:32;13:34;"ほくらしさなんかとともに"
00095_Bmic;Speaker 3;13:35;13:39;"日本の国内で旅行も海外旅行もしていたから"
00095_Bmic;Speaker 3;13:39;13:41;"そこには実はっていうのが"
00095_Bmic;Speaker 3;13:42;13:43;"いやいやいや本当だねっていう"
00095_Bmic;Speaker 2;13:44;13:44;"そうですね"
00095_Bmic;Speaker 2;13:45;13:46;"でも本当私も"
00095_Bmic;Speaker 2;13:46;13:47;"なんていうんですか"
00095_Bmic;Speaker 2;13:47;13:49;"生まれて子供の頃から実はそうだったけど"
00095_Bmic;Speaker 2;13:49;13:54;"全然ないですし、いくつか大きなターニングポイントがあったなと思って"
00095_Bmic;Speaker 2;13:55;14:00;"一つは子供の頃はどちらかというとなので、多分移動性は決して高いとは言えない"
00095_Bmic;Speaker 2;14:00;14:07;"ただかなり元気で陸上とかずっとやってたりはしたので、走ったりとかして、電車乗ってどっか行くのかなり好きだったんですね"
00095_Bmic;Speaker 2;14:08;14:17;"そこから私の場合、大学進学のタイミングで、いわゆるどちらかというと新学校と言われるようなところにはいたものの"
00095_Bmic;Speaker 2;14:17;14:43;"当時は10年くらい前なんですけど、東日本大震災から数年経ち、政治や政策的な地方創生とか、地作りみたいなことが言われた頃で、学校の仮木などにもそんなものが入ってきたので、たくさん中学、高校とかで、そんなこともあって、都会に出るよりもなぜか当時の私は、地元に残って地元で何かしたいみたいな思いが強くなったんですね。"
00095_Bmic;Speaker 2;14:43;14:49;"役割というか当時の教育の成功というか分からないですけど"
00095_Bmic;Speaker 2;14:49;14:50;"地元に残ろうと"
00095_Bmic;Speaker 2;14:50;14:52;"上田市にある大学に進んだ"
00095_Bmic;Speaker 2;14:54;14:57;"結果的にそこで進んだ学部が"
00095_Bmic;Speaker 2;14:57;14:59;"環境と観光の"
00095_Bmic;Speaker 2;14:59;15:01;"今でも残ってるんですけど"
00095_Bmic;Speaker 1;15:01;15:04;"環境ツーリズムについて学ぶ学部だったんですね"
00095_Bmic;Speaker 2;15:06;15:07;"産業だったり経済のことと"
00095_Bmic;Speaker 2;15:08;15:10;"観光のことと環境のことと"
00095_Bmic;Speaker 2;15:10;15:11;"街づくりとみたいなところだったので"
00095_Bmic;Speaker 2;15:12;15:13;"そういったところに行って"
00095_Bmic;Speaker 2;15:13;15:21;"初めて単なるまさに観光っていうと年に1回例えば家族でどっか新潟の海に行くとか伊豆とか熱海の方に行くぐらいだった"
00095_Bmic;Speaker 2;15:22;15:31;"私に環境とそこが結びつくんだとか地づくりと観光が結びつくんだとかで社会学の先生もたくさんいたので"
00095_Bmic;Speaker 2;15:32;15:36;"なるほどとなんかポジティブなものばかりでもないんだなみたいなことですね"
00095_Bmic;Speaker 3;15:36;15:41;"そうねそのポジティブなことばかりではないんだなっていうのが"
00095_Bmic;Speaker 3;15:41;15:44;"もう実はそういう研究は何十年も前から"
00095_Bmic;Speaker 3;15:44;15:48;"移動とかモビリティというのはされていると呼びましたが"
00095_Bmic;Speaker 3;15:49;15:52;"あまり実感としては考えていなかったので"
00095_Bmic;Speaker 3;15:52;15:56;"いいことばかりではないんだぞというのだけでも"
00095_Bmic;Speaker 3;15:56;16:00;"私にとっては大インフォメーション大情報でした"
00095_Bmic;Speaker 3;16:01;16:03;"ずっと確信していましたね"
00095_Bmic;Speaker 3;16:04;16:05;"いいことなんだという"
00095_Bmic;Speaker 2;16:07;16:08;"私も何て言うんですか"
00095_Bmic;Speaker 2;16:09;16:13;"移動自体は全部否定しちゃうと それは全然違う気がしていて"
00095_Bmic;Speaker 3;16:14;16:15;"そうですよね 否定ではないですけどね"
00095_Bmic;Speaker 2;16:16;16:20;"ポイントとしては多くの それこそ移動したいとか 移動が好きな方がいて"
00095_Bmic;Speaker 2;16:21;16:23;"どんどん自分で移動できる方 それこそも移動して"
00095_Bmic;Speaker 2;16:24;16:28;"多分それは個人にとっても もしかしたら国としてもいいことだと教えない"
00095_Bmic;Speaker 2;16:29;16:34;"ただ他方でもしかしたら 失われた30年と言われる時代の中で"
00095_Bmic;Speaker 2;16:34;16:39;"経済的に上向きだった時代とはまた異なる30年の間で"
00095_Bmic;Speaker 2;16:40;16:41;"移動だけじゃないと思いますけど"
00095_Bmic;Speaker 2;16:41;16:47;"経済的な部分だったら格差が拡大している側面があるので"
00095_Bmic;Speaker 2;16:47;16:51;"それに伴って移動に関しても同じような問題が可視化されて"
00095_Bmic;Speaker 2;16:52;16:53;"人々が関心向けるようになって"
00095_Bmic;Speaker 1;16:54;16:56;"私の本も移動と階級というタイトルで"
00095_Bmic;Speaker 2;16:57;17:00;"今の時代に階級つけて読むかなみたいな"
00095_Bmic;Speaker 2;17:00;17:01;"いろんな人読んでくれるかな"
00095_Bmic;Speaker 2;17:02;17:03;"正解ここだけの話"
00095_Bmic;Speaker 2;17:04;17:07;"階級用意は私が付けたわけではなくて"
00095_Bmic;Speaker 2;17:07;17:10;"編集とか出版の方が提案してくださっているんですよね"
00095_Bmic;Speaker 2;17:10;17:11;"ガツンと"
00095_Bmic;Speaker 2;17:12;17:14;"最初そういう方が異動格差みたいなテーマだったんですけど"
00095_Bmic;Speaker 1;17:14;17:16;"いや格差じゃなくて階級用意を"
00095_Bmic;Speaker 2;17:17;17:20;"蓋を開いたらありがたいことに多くの方に"
00095_Bmic;Speaker 2;17:20;17:23;"もしかしたらそういったところへの何かモヤモヤとか"
00095_Bmic;Speaker 2;17:24;17:28;"価値感を抱えている人が一定数いるのかもしれないなと思いましたね"
00095_Bmic;Speaker 3;17:29;17:35;"常々それこそかなり長く生きてきたので"
00095_Bmic;Speaker 3;17:35;17:37;"昔とか以前とか言っても"
00095_Bmic;Speaker 3;17:39;17:40;"いくつも以前があるんですよ"
00095_Bmic;Speaker 3;17:41;17:43;"20年前もあれば40年前もあるし"
00095_Bmic;Speaker 3;17:44;17:46;"それこそ60年前もあっていろいろなんですが"
00095_Bmic;Speaker 3;17:46;17:50;"割と2,30年前のちょっとした以前に"
00095_Bmic;Speaker 3;17:51;17:53;"しきりに地方から来た学生たちが"
00095_Bmic;Speaker 3;17:54;17:56;"いかに自分たちは不利で"
00095_Bmic;Speaker 3;17:57;17:58;"東京の大学に来て"
00095_Bmic;Speaker 3;17:59;18:01;"不利でなおかつその不利は"
00095_Bmic;Speaker 3;18:02;18:05;"一生その格差は埋まらないっていう言い方を"
00095_Bmic;Speaker 3;18:06;18:09;"先生なんか東京生まれて東京育ってて"
00095_Bmic;Speaker 3;18:12;18:15;"ずっとということを何度も言われて"
00095_Bmic;Speaker 3;18:15;18:17;"いやそうなんだろうなと思って"
00095_Bmic;Speaker 3;18:18;18:21;"それ以来考えるようにはなってたんだけれども"
00095_Bmic;Speaker 3;18:24;18:29;"もっとまとめて読んでなるほどという感じで"
00095_Bmic;Speaker 3;18:29;18:33;"例えばある本は愛知県にいながら"
00095_Bmic;Speaker 3;18:34;18:40;"名古屋に行かないとその雑誌は売ってないとか言うので"
00095_Bmic;Speaker 3;18:41;18:44;"それなりのそういうのを売っているところに行くと"
00095_Bmic;Speaker 3;18:45;18:48;"そのそれなりの雑誌を見に来た"
00095_Bmic;Speaker 3;18:49;18:53;"同じ年ぐらいの中学生とかちょっと増せたのがいたりして"
00095_Bmic;Speaker 3;18:55;18:59;"でも別に新幹線で名古屋とかそのあたり"
00095_Bmic;Speaker 3;18:59;19:05;"岡崎とかのあたりなのに東京とは全然違うんですって言われて"
00095_Bmic;Speaker 3;19:05;19:08;"それもやや恨みがましい目で言われて"
00095_Bmic;Speaker 3;19:10;19:12;"先生分かってないでしょってやつで"
00095_Bmic;Speaker 2;19:14;19:16;"多分分かんないです"
00095_Bmic;Speaker 2;19:16;19:18;"これもぜひナミックさんの感覚をお聞きしたいんで"
00095_Bmic;Speaker 2;19:18;19:26;"今20~30年前にもっと前の時代40~50年前もしかしたらそれこそ高度経済成長期で金の玉がりみたいな時代って"
00095_Bmic;Speaker 2;19:27;19:32;"もちろん構造的な格差みたいなものはそれこそ交通網に関しても多分今よりそれあったと思うんですよ"
00095_Bmic;Speaker 1;19:32;19:35;"新幹線も台空港もないみたいな"
00095_Bmic;Speaker 2;19:35;19:43;"ただ何かもしかしたら東京に出ていけばとか都市に出ていけば何か人生がすごく良くなっていけるじゃないかとか"
00095_Bmic;Speaker 2;19:43;19:46;"ある種構造的な格差みたいなものさえも"
00095_Bmic;Speaker 2;19:47;19:49;"張り向けて切り開いていけるんじゃないかみたいな"
00095_Bmic;Speaker 2;19:50;19:52;"多分すごいモチベーションというか"
00095_Bmic;Speaker 2;19:52;19:55;"誰か思いを持って多くの人が来ていたのかな"
00095_Bmic;Speaker 2;19:55;19:56;"そうですね"
00095_Bmic;Speaker 2;19:57;20:00;"今まさに30年前からみたいな話と重ねると"
00095_Bmic;Speaker 2;20:00;20:03;"そういう個人の何か力ではなく"
00095_Bmic;Speaker 2;20:03;20:05;"これはもしかしたら社会全体のちょっと"
00095_Bmic;Speaker 2;20:06;20:08;"停滞した雰囲気感もあるかもしれないですが"
00095_Bmic;Speaker 2;20:08;20:12;"何か個人で頑張っても崩しきれないような構造というか"
00095_Bmic;Speaker 2;20:12;20:17;"社会的経済的な課題を感じているのかな"
00095_Bmic;Speaker 3;20:17;20:19;"そうですよね"
00095_Bmic;Speaker 3;20:19;20:23;"だから例えば昔のことを思い出しながら"
00095_Bmic;Speaker 3;20:23;20:28;"この若い方とお話をするという構図が"
00095_Bmic;Speaker 3;20:29;20:32;"昔のどこを参照しながら話していいのか"
00095_Bmic;Speaker 3;20:33;20:35;"ちょっと頭がクラクラしますよね"
00095_Bmic;Speaker 3;20:36;20:39;"やっぱり最初は一番の驚きは"
00095_Bmic;Speaker 3;20:40;20:45;"中学生の頃とか同級生が金の卵として"
00095_Bmic;Speaker 3;20:46;20:50;"列車に乗って上京してくるっていうのを"
00095_Bmic;Speaker 3;20:50;20:51;"新聞なんかで読むわけです"
00095_Bmic;Speaker 3;20:52;20:54;"それはもうリアルに同級生ですよ"
00095_Bmic;Speaker 3;20:54;20:55;"こちらは高校に入った"
00095_Bmic;Speaker 3;20:55;20:59;"向こうは中学をそれで集団就職ってやつだよね"
00095_Bmic;Speaker 3;21:00;21:03;"その後もずっとファンだったからよく覚えてるんですけど"
00095_Bmic;Speaker 3;21:03;21:07;"森井真一さんっていう人が鹿児島だったかな"
00095_Bmic;Speaker 3;21:07;21:10;"そこから東京じゃなくて大阪に行くと"
00095_Bmic;Speaker 3;21:11;21:14;"それはほんのそういう金の卵というか"
00095_Bmic;Speaker 3;21:15;21:21;"ある私の友人は箱に詰められたリンゴなんだという言い方を知っていましたが"
00095_Bmic;Speaker 3;21:22;21:27;"そういう人たちが中高ぐらいの時から"
00095_Bmic;Speaker 3;21:28;21:32;"すでにある移動を持って"
00095_Bmic;Speaker 3;21:32;21:36;"国の経済の政策とか行政とかいろんなことで"
00095_Bmic;Speaker 3;21:36;21:41;"移動することで自分の生活を切り開いていくというのを聞き"
00095_Bmic;Speaker 3;21:41;21:46;"大学に行けば日本のいろんなところから来ている人がいて"
00095_Bmic;Speaker 3;21:47;21:48;"そこには移動があって"
00095_Bmic;Speaker 3;21:51;21:57;"ただ東京に来れば3ヶ月もすれば全員東京人じゃんと思ってたんですよね"
00095_Bmic;Speaker 3;21:58;22:02;"それが大昔ではなくちょっと前の昔"
00095_Bmic;Speaker 3;22:02;22:06;"2,30年前の若い人たちに"
00095_Bmic;Speaker 3;22:06;22:10;"いやそうじゃないんだ そこの格差は埋まらないんですよと"
00095_Bmic;Speaker 3;22:11;22:14;"まず東京に家がないっていうだけで"
00095_Bmic;Speaker 3;22:14;22:17;"我々はローン込めなきゃいけないけど"
00095_Bmic;Speaker 3;22:18;22:23;"東京丸の人は親が残したものをっていうような"
00095_Bmic;Speaker 3;22:23;22:25;"そういう話ですね"
00095_Bmic;Speaker 3;22:26;22:34;"伊藤さんのご両親はもともと長野で何か…"
00095_Bmic;Speaker 2;22:34;22:40;"うちは長野で、父は普通のサラリー、パーソンというサラリーマンですよね。"
00095_Bmic;Speaker 2;22:41;22:47;"もう1個数4年、定年までずっと同じ企業で勤め、同校卒業してずっと同じ企業で勤めている方なので、"
00095_Bmic;Speaker 2;22:48;22:53;"母の方は同じ長野の中でも、今は軽井沢とか、私の方の出身で、"
00095_Bmic;Speaker 2;22:55;23:01;"母は大学まで出ていて、一度なので茨城の大学に行って、長野に戻って来よう。"
00095_Bmic;Speaker 2;23:01;23:07;"戻ってくるとしたら、学校の先生だというところで、学校の教員で戻ってきてというところで、"
00095_Bmic;Speaker 2;23:08;23:15;"なのでずっと、2人とも旅が好き、観光が好きというのでは、どちらかというと、"
00095_Bmic;Speaker 2;23:16;23:22;"同級生とかも旅行行ったりしてる家もいたと思うんですけど、どちらかというとインドアな趣味になったので、"
00095_Bmic;Speaker 2;23:22;23:27;"家で音楽聴いたりとか、読書したりとかって感じたので、"
00095_Bmic;Speaker 2;23:28;23:31;"長野県出身の親のもとでっていう感じでした。"
00095_Bmic;Speaker 2;23:31;23:36;"なので、私は大学院に進むんですけど、"
00095_Bmic;Speaker 2;23:37;23:38;"一橋大学に進むんですね。"
00095_Bmic;Speaker 2;23:38;23:42;"この時に1個広かったのが、あまり親に言ってなかったんですね。"
00095_Bmic;Speaker 2;23:42;23:43;"そのことを言っていなくて、"
00095_Bmic;Speaker 2;23:43;23:47;"親としては、こいつは一体どうするんだろうと思っていて、"
00095_Bmic;Speaker 2;23:48;23:51;"でもほぼなんてですね 合格してから親に言ったんですね"
00095_Bmic;Speaker 2;23:52;23:55;"いくつか受験大学院も受験していて なんとなく言ってはいたんですけど"
00095_Bmic;Speaker 2;23:56;23:59;"どこに行ってことは明言せずに あのやめに実は行くと"
00095_Bmic;Speaker 2;23:59;24:04;"親も学部まではお金出せるとかですよと もちろんバイトもしてるので"
00095_Bmic;Speaker 2;24:04;24:10;"大学院以降は自分でその奨学金借りるなり 借りて自分でやりくりするのであれば"
00095_Bmic;Speaker 2;24:10;24:14;"大学院でもなんでもどうぞっていう感じだったので"
00095_Bmic;Speaker 2;24:15;24:21;"母は4年生の国立大学に出てきたので、一橋ね、すごいねって反応だったんですね。"
00095_Bmic;Speaker 2;24:22;24:25;"ただ父と妹はそれはどこですかっていう反応で、"
00095_Bmic;Speaker 2;24:26;24:33;"新州大学は知っていると、東京大学も知ってるけども、一橋ってどこにある何の大学ないっていう反応で、"
00095_Bmic;Speaker 2;24:33;24:34;"ナイスだなぁ。"
00095_Bmic;Speaker 2;24:34;24:38;"確かにそういうコミュニケーション、本当に確かに全然取ってこなかったし、"
00095_Bmic;Speaker 3;24:38;24:42;"それは伊東家の親子関係の問題なのか"
00095_Bmic;Speaker 3;24:43;24:46;"それとも伊東家というのが長野のその地位では"
00095_Bmic;Speaker 3;24:47;24:49;"確固たる位置を占めているので"
00095_Bmic;Speaker 3;24:49;24:52;"東京なんか無視できていたのか"
00095_Bmic;Speaker 2;24:53;24:55;"でも多分やっぱ接点だと思うんですよね"
00095_Bmic;Speaker 2;24:55;25:00;"もしくはある種の学歴的なものに対する"
00095_Bmic;Speaker 2;25:01;25:04;"感覚だったりとか受験というものの位置づけだったりとかが"
00095_Bmic;Speaker 2;25:04;25:06;"本当一つ星に来てそれは強く感じましたが"
00095_Bmic;Speaker 2;25:07;25:14;"とらえ方が違うし、こんなに真剣に勉強している人たちがいるんだと。"
00095_Bmic;Speaker 3;25:14;25:17;"みんなひとつわしに来たぞって言って来てたんだと。"
00095_Bmic;Speaker 2;25:20;25:28;"ですね。当時私がひとつわしに行った時は、外部からも進学者が多かった。内部では、私のコースに関しては。"
00095_Bmic;Speaker 2;25:29;25:35;"そうすると奈良の県立大学から来ましたとか、関東周辺の私立大学から来ました。"
00095_Bmic;Speaker 2;25:35;25:41;"私も長野県の公立から行きました。大学院で初めてそこに集まって来ると。"
00095_Bmic;Speaker 2;25:41;25:52;"その時は気づかなかったんですけど、数年経つと内部の進学者が私の教授のゼミというか研究室に上がってくるようになった時に、"
00095_Bmic;Speaker 2;25:52;26:00;"ある種の例えば当時の研究室でいうと親の職業であったりとか年収的なものであったりとか"
00095_Bmic;Speaker 2;26:01;26:07;"こんなに大学院に進む学生の親は大学教授なのかみたいなことにたまたまかもしれないんですけど"
00095_Bmic;Speaker 2;26:08;26:09;"非常に驚いたという"
00095_Bmic;Speaker 2;26:10;26:15;"これは多分ラジオではカットしていただけたらと思うんですけど"
00095_Bmic;Speaker 2;26:15;26:23;"私は進んだのが町村隆先生という 数年前まで日本社会学会の会長とかやっていて"
00095_Bmic;Speaker 3;26:23;26:25;"都市社会学とかの先生だったんですね"
00095_Bmic;Speaker 2;26:26;26:33;"北海道の町村家ってすごい有名な家柄で 市民党の町村長官とかその家"
00095_Bmic;Speaker 3;26:33;26:38;"そこのお嬢さんは僕のゼミ生だと思うけど"
00095_Bmic;Speaker 2;26:38;26:40;"本当ですか 多分そうだと思う"
00095_Bmic;Speaker 3;26:39;26:45;"あのね、だいたい町村君っていうのが高校の同級生にいました。"
00095_Bmic;Speaker 3;26:45;26:48;"それは町村の割と直系の人で、"
00095_Bmic;Speaker 3;26:49;26:56;"それから僕のゼミにいた彼女は、やっぱり町村家で、"
00095_Bmic;Speaker 3;26:56;27:02;"確かお父様が、お父様一探しの、おいくつくらい?"
00095_Bmic;Speaker 2;27:02;27:06;"数年前に体感したので、ちょっとそれくらいですね。"
00095_Bmic;Speaker 3;27:06;27:09;"奥様も放送大学とかなんかじゃない?"
00095_Bmic;Speaker 3;27:10;27:13;"それのお嬢さんは僕の学生です"
00095_Bmic;Speaker 3;27:13;27:14;"そうでしたが"
00095_Bmic;Speaker 2;27:15;27:18;"私も東大に聞いてはいたんですけど"
00095_Bmic;Speaker 2;27:18;27:19;"そこに行ったら知らないので"
00095_Bmic;Speaker 2;27:19;27:20;"そうだったんですね"
00095_Bmic;Speaker 3;27:21;27:21;"なるほどね"
00095_Bmic;Speaker 2;27:22;27:23;"こういう人って"
00095_Bmic;Speaker 2;27:24;27:25;"町村駅は北海道ですけど"
00095_Bmic;Speaker 2;27:25;27:28;"こういう人っているんだろうみたいなことをすごい感じたっていう"
00095_Bmic;Speaker 3;27:28;27:30;"それこそ伊藤さんのその"
00095_Bmic;Speaker 3;27:32;27:32;"そのなんていうか"
00095_Bmic;Speaker 3;27:33;27:36;"純粋バイオ純真さ的なところに"
00095_Bmic;Speaker 3;27:37;27:38;"むしろ私なんかは"
00095_Bmic;Speaker 3;27:40;27:42;"驚くとともにむしろ惹かれます"
00095_Bmic;Speaker 3;27:43;27:47;"つまりじゃあ東京にいたら東京が中心だと思って"
00095_Bmic;Speaker 3;27:47;27:51;"なんとなく他のことはわからなくなっているかっていうよりもむしろ"
00095_Bmic;Speaker 3;27:52;27:56;"東京にいるからこそ処方とは何であるかとかね"
00095_Bmic;Speaker 3;27:56;27:59;"この東京から外国に行かなきゃとか"
00095_Bmic;Speaker 3;28:00;28:03;"すごい意識して生きていたので"
00095_Bmic;Speaker 3;28:04;28:07;"そのあたりの話だけでもう何時間も終わっちゃうぐらい"
00095_Bmic;Speaker 3;28:08;28:15;"伊藤さんのその純真さはご家族がよっぽどいいのだっていう僕の最近のあれでは"
00095_Bmic;Speaker 3;28:16;28:19;"つまり息子がどこに受けたかを知らないってね"
00095_Bmic;Speaker 3;28:19;28:23;"それは大変立派な親御さんですね"
00095_Bmic;Speaker 3;28:23;28:24;"そうかもしれないですね"
00095_Bmic;Speaker 2;28:25;28:29;"そこに関しては多分まさに伊藤みたいな観点で"
00095_Bmic;Speaker 2;28:29;28:31;"私妹はずっと地元にいるんです"
00095_Bmic;Speaker 2;28:32;28:34;"地元に就職して地元に結婚してに対して"
00095_Bmic;Speaker 2;28:34;28:37;"私はある種外に出ていたりした状態で"
00095_Bmic;Speaker 2;28:38;28:41;"もしかしたらそこの長男ではあるんですけど"
00095_Bmic;Speaker 2;28:41;28:44;"継がなきゃいけない家とか畑があるわけでもうちはなかったので"
00095_Bmic;Speaker 2;28:45;28:47;"まあまあお前は行ってこいみたいな"
00095_Bmic;Speaker 2;28:47;28:50;"妹は近くにいてというところで"
00095_Bmic;Speaker 2;28:50;28:54;"そんなところもしっかりそこまで話すわけではないですけど"
00095_Bmic;Speaker 3;28:54;28:57;"あんまりその話するのも難だと思いますが"
00095_Bmic;Speaker 3;28:58;29:01;"この頃すごく若くても本出す人とか"
00095_Bmic;Speaker 3;29:02;29:03;"どんどん若年化していると"
00095_Bmic;Speaker 3;29:04;29:07;"つまり大谷君のような感じになっているけれども"
00095_Bmic;Speaker 3;29:07;29:12;"でも20代で心象を出す方ってそんなに多くないんじゃないですか"
00095_Bmic;Speaker 3;29:13;29:17;"そうするとお父様なんか本出したのかってびっくりするんじゃなくて"
00095_Bmic;Speaker 3;29:18;29:20;"本を出したのか以上終わりみたいな感じですか"
00095_Bmic;Speaker 3;29:22;29:22;"そうですね"
00095_Bmic;Speaker 3;29:23;29:24;"やったなまさとみたいな"
00095_Bmic;Speaker 2;29:25;29:29;"まさにと言いますか出したことは知ってるしすごいね"
00095_Bmic;Speaker 2;29:30;29:33;"私もありがたいことにいくつか学術書も含めて出してるんですけど"
00095_Bmic;Speaker 2;29:33;29:36;"すでに?そうなんだすごいね"
00095_Bmic;Speaker 3;29:36;29:38;"博士論文を本にしていたとか"
00095_Bmic;Speaker 3;29:38;29:38;"そうか"
00095_Bmic;Speaker 2;29:39;29:40;"そういうものって"
00095_Bmic;Speaker 2;29:41;29:44;"長野県の本屋さんには並ばないじゃないですか"
00095_Bmic;Speaker 2;29:44;29:47;"東京の例えば丸善とかならあると思うんですけど"
00095_Bmic;Speaker 1;29:47;29:48;"いい話だな"
00095_Bmic;Speaker 2;29:48;29:51;"新書に関しては一応並ぶので"
00095_Bmic;Speaker 2;29:51;29:53;"自分が見たというよりかは"
00095_Bmic;Speaker 2;29:53;29:54;"周りからの反響で親も"
00095_Bmic;Speaker 2;29:56;29:59;"息子はそういういろいろな人に読んでもらえるものを"
00095_Bmic;Speaker 2;29:59;30:00;"書いたんだなと知ったみたいな"
00095_Bmic;Speaker 2;30:01;30:03;"そういう感じだったとは言ってましたね"
00095_Bmic;Speaker 2;30:03;30:04;"ただまだ全部は読んでない"
00095_Bmic;Speaker 3;30:04;30:06;"それは何と言っていいのか"
00095_Bmic;Speaker 3;30:07;30:11;"長野というのがとてもいい場所だと言うべきなのか"
00095_Bmic;Speaker 3;30:11;30:14;"お父様とかご家族とか"
00095_Bmic;Speaker 3;30:15;30:18;"人間環境がすごくいいというのか"
00095_Bmic;Speaker 2;30:20;30:21;"面白いな"
00095_Bmic;Speaker 2;30:22;30:24;"私はずっとそんな感じだったんですけど"
00095_Bmic;Speaker 2;30:24;30:27;"ナビキさんこれぜひお聞きしたいなと思ったのが"
00095_Bmic;Speaker 2;30:28;30:30;"多分本当にいろんな国に行ってきました"
00095_Bmic;Speaker 2;30:33;30:34;"そうですね"
00095_Bmic;Speaker 2;30:34;30:38;"日本に行っていて、いつ頃でどんな金券だったんですか?"
00095_Bmic;Speaker 3;30:39;30:42;"20...20歳ちょっとですね。"
00095_Bmic;Speaker 3;30:43;30:48;"それこそ時代を表しますが、東大闘争というのをしていまして。"
00095_Bmic;Speaker 2;30:49;30:50;"1968年という事だったんですか?"
00095_Bmic;Speaker 3;30:50;30:51;"9年、そうですね。"
00095_Bmic;Speaker 3;30:52;30:55;"それで僕はこんなことをしてても仕方がないと、"
00095_Bmic;Speaker 3;30:55;30:58;"みんなにストライキのインチをしていたのに、"
00095_Bmic;Speaker 3;30:58;31:02;"手短に切り上げようぜって言って辞めたんですよ。"
00095_Bmic;Speaker 3;31:02;31:06;"辞めてすぐアルバイトを始めまして"
00095_Bmic;Speaker 3;31:07;31:08;"それも自分の趣味で"
00095_Bmic;Speaker 3;31:09;31:14;"国立劇場の歌舞伎文楽の大道具のアルバイトというのをしまして"
00095_Bmic;Speaker 3;31:15;31:16;"やけに入りがいいんです"
00095_Bmic;Speaker 3;31:16;31:17;"お金"
00095_Bmic;Speaker 3;31:18;31:20;"それでいっぱい貯めて"
00095_Bmic;Speaker 3;31:23;31:26;"それで翌年ぐらいに行きましたね"
00095_Bmic;Speaker 3;31:27;31:29;"でも全部は貯まなかったんで"
00095_Bmic;Speaker 3;31:29;31:32;"半分は周りから借金しまくって"
00095_Bmic;Speaker 3;31:33;31:37;"30までに芥川賞を取るか"
00095_Bmic;Speaker 3;31:38;31:42;"または取れなかったら30までに倍返しするという"
00095_Bmic;Speaker 3;31:43;31:45;"もちろん取れないのは分かってました"
00095_Bmic;Speaker 2;31:49;31:51;"それは将来とか見据えて"
00095_Bmic;Speaker 2;31:52;31:55;"留学という形で海外の大学に行ったのか"
00095_Bmic;Speaker 3;31:55;31:56;"一応形はそうですね"
00095_Bmic;Speaker 3;31:56;32:00;"そうすると学生食堂でご飯が食べられて"
00095_Bmic;Speaker 3;32:00;32:01;"安借りというのがあって"
00095_Bmic;Speaker 3;32:02;32:07;"義理の兄が海外に留学をしていましたので"
00095_Bmic;Speaker 3;32:08;32:11;"それもあって羨ましいと思っていたから"
00095_Bmic;Speaker 3;32:13;32:14;"逃走なんかしていたけれども"
00095_Bmic;Speaker 3;32:15;32:18;"辞めてすぐ身に利のいいアルバイトをし"
00095_Bmic;Speaker 3;32:19;32:23;"で貯めてフランスに行ったんですが"
00095_Bmic;Speaker 3;32:23;32:26;"一番最初の外国はソ連です"
00095_Bmic;Speaker 2;32:26;32:28;"東って東って言ってたんですけど"
00095_Bmic;Speaker 3;32:28;32:29;"シベリア"
00095_Bmic;Speaker 3;32:29;32:30;"なるほど"
00095_Bmic;Speaker 3;32:30;32:33;"シベリア経由で行ったので"
00095_Bmic;Speaker 3;32:35;32:37;"ものすごく勉強になりました"
00095_Bmic;Speaker 3;32:37;32:41;"その辺は旅する地域を抱えていたような経験ですよね"
00095_Bmic;Speaker 3;32:44;32:48;"でも海外に行くとき横浜から船で行ったんですけど"
00095_Bmic;Speaker 3;32:49;32:51;"友達が見送りに来ましたよ"
00095_Bmic;Speaker 2;32:52;32:53;"なるほど何ですか分かんないですけど"
00095_Bmic;Speaker 2;32:54;32:55;"ブラックというか旗みたいなのが"
00095_Bmic;Speaker 3;32:56;32:57;"テープを投げた"
00095_Bmic;Speaker 2;32:58;32:59;"そうなんですね"
00095_Bmic;Speaker 3;32:59;33:06;"そう。今や早々たる映画評論家になっているS君とかですね。"
00095_Bmic;Speaker 3;33:07;33:11;"他にもね、みんな友達が見送りに来ました。"
00095_Bmic;Speaker 3;33:11;33:12;"すごいですね。"
00095_Bmic;Speaker 2;33:14;33:20;"もちろんあれですよね。ある程度したら戻ってくるかもしれないと思っていつもそれだけ大事というか。"
00095_Bmic;Speaker 3;33:21;33:26;"そうですね。一ラインで戻ってくるのは決まってたんですけど、海外旅行は大事です。"
00095_Bmic;Speaker 3;33:26;33:28;"へえ、そうですよね。"
00095_Bmic;Speaker 3;33:29;33:31;"横浜からテープを"
00095_Bmic;Speaker 3;33:36;33:37;"笑っちゃうね"
00095_Bmic;Speaker 2;33:37;33:38;"いやいやいやいや"
00095_Bmic;Speaker 2;33:40;33:43;"事前にちょっとご本を読ませていただいて"
00095_Bmic;Speaker 2;33:43;33:48;"旅する地ってあれって出されたのは2010年"
00095_Bmic;Speaker 3;33:48;33:49;"もうちょっともっと前かな"
00095_Bmic;Speaker 3;33:49;33:51;"2000年くらいかな"
00095_Bmic;Speaker 2;33:52;33:53;"忘れたんな"
00095_Bmic;Speaker 3;33:53;33:54;"10年かもしれません"
00095_Bmic;Speaker 2;33:57;33:58;"そうですね"
00095_Bmic;Speaker 2;33:58;34:05;"ぜひお話したいなと思ったのが、その後、経済的には縁の価値がすごく変動というか、"
00095_Bmic;Speaker 2;34:05;34:12;"そうです。そして2020年後にはコロナがあるとか、まさに従来の国境を超えるみたいな、"
00095_Bmic;Speaker 2;34:12;34:18;"ちょっと問い直したりとか、考えざるを得ないような機会ってかなりこの15年ぐらいあったなと思うんですけど、"
00095_Bmic;Speaker 2;34:19;34:22;"その間に海外に行かれたり逆に行かなかったりとか、"
00095_Bmic;Speaker 2;34:22;34:25;"その辺りになってどう見られてどう聞いたんですか?"
00095_Bmic;Speaker 3;34:25;34:41;"もういいですね。つまり僕はいろんなことをしていたけど、自分が何をしていたのか移動に関してよくわかってない存在を、鋭い鋭利なる分析力の伊藤さんから突っ込むという、これでいきますか。"
00095_Bmic;Speaker 3;34:41;34:51;"それでいくとね、例えば円高とか円の価値みたいなものはすごく大きかったですね、私の旅行。"
00095_Bmic;Speaker 3;34:51;34:58;"だってニクソンショックっていうのは ヨーロッパに行っていた時に起きましたし"
00095_Bmic;Speaker 3;34:59;35:07;"それまではずっとフランが60円の時代に暮らして それから変動になってという"
00095_Bmic;Speaker 3;35:08;35:19;"考えてみると行った時にはまだまだ日本は 今の日本ではなかったはずなんで"
00095_Bmic;Speaker 3;35:19;35:27;"ちょっと話はずれますが、初めてスコットランドに行った時にエディンバラで歩いていたら、後ろに子供がついてくるんです。"
00095_Bmic;Speaker 3;35:27;35:32;"チーノ、チーノって冷やかしながら、中国人というかアジア人一般で、"
00095_Bmic;Speaker 3;35:33;35:43;"ハーメルンの笛吹き男みたく後ろに子供を従えてね、エディンバラの街を子供たちもアジア人の若い子が歩いてるのを見る。"
00095_Bmic;Speaker 3;35:43;35:43;"遊んでるというか。"
00095_Bmic;Speaker 3;35:44;35:49;"そうそう、それでポッと振り向くとみんなパッと逃げるの。でも面白くて見に来て。"
00095_Bmic;Speaker 3;35:49;35:54;"それがまだ私の旅行の最初の頃そうだったのを思い出しますよね"
00095_Bmic;Speaker 3;35:56;36:01;"その後日本がもう細かく言っていったらキリがないんですが"
00095_Bmic;Speaker 3;36:01;36:07;"明らかにお金日本の経済が上がって"
00095_Bmic;Speaker 3;36:08;36:10;"そしてまた停滞が来てっていう"
00095_Bmic;Speaker 3;36:11;36:14;"その上がる前の時はいわゆる"
00095_Bmic;Speaker 3;36:14;36:18;"皇居全体を売るとカリフォルニアが買えるんだ説とかね"
00095_Bmic;Speaker 3;36:20;36:21;"その時にまさにいました"
00095_Bmic;Speaker 2;36:22;36:23;"なるほどそういうことですね"
00095_Bmic;Speaker 2;36:23;36:24;"法物の長者番付なんかで"
00095_Bmic;Speaker 3;36:24;36:27;"そうです例のあの方がね"
00095_Bmic;Speaker 3;36:28;36:30;"だからスコットランドなんかでも"
00095_Bmic;Speaker 3;36:30;36:32;"それはもうちょっと2回目の時かもしれません"
00095_Bmic;Speaker 3;36:33;36:35;"30代の時にスコットランド行ったら"
00095_Bmic;Speaker 3;36:36;36:40;"ここのお城が一番安いのだと2億円ぐらいで買えると"
00095_Bmic;Speaker 3;36:41;36:43;"ちょっと大きいと5億円だ"
00095_Bmic;Speaker 3;36:43;36:48;"ただ5億円でお城を買っても5億円回収費にかかって"
00095_Bmic;Speaker 3;36:49;36:52;"それから毎年5000万ぐらい維持費があって"
00095_Bmic;Speaker 3;36:52;37:03;"でもねそんな話を高々30くらいの大学の教師が人とするような感じでしたね"
00095_Bmic;Speaker 3;37:05;37:07;"だから日本人が何でも買えた"
00095_Bmic;Speaker 3;37:07;37:08;"そういうことですよね"
00095_Bmic;Speaker 3;37:09;37:11;"私も見られていたしそう思ってもいた"
00095_Bmic;Speaker 3;37:11;37:13;"だから向こうも話をするし"
00095_Bmic;Speaker 3;37:13;37:17;"そうした話したらキリがないんですけど"
00095_Bmic;Speaker 3;37:20;37:24;"この円でついには円安で持って"
00095_Bmic;Speaker 3;37:24;37:27;"外国から人が来るようになるという"
00095_Bmic;Speaker 3;37:28;37:30;"これは大きな大きな変化ですよね"
00095_Bmic;Speaker 2;37:32;37:38;"私も今回自然に気にしなくていいと思うんですけど"
00095_Bmic;Speaker 2;37:38;37:41;"全然いただいた資料だったりメールの中にも"
00095_Bmic;Speaker 1;37:42;37:49;"48歳差の2人にとっても面白かったというか"
00095_Bmic;Speaker 3;37:50;37:53;"僕もね、おいそこかっていう感じで"
00095_Bmic;Speaker 2;37:55;37:58;"でも私は1996年生まれ"
00095_Bmic;Speaker 2;37:59;38:01;"まさにバブルの平成普及"
00095_Bmic;Speaker 2;38:01;38:03;"ちょっと平成普及終わるか真っ直ぐらいで"
00095_Bmic;Speaker 2;38:03;38:04;"感覚としても"
00095_Bmic;Speaker 2;38:06;38:11;"多分経済の流れ同行はあると思うんですけど"
00095_Bmic;Speaker 2;38:11;38:14;"上向いている感覚がないまま育ってきたような"
00095_Bmic;Speaker 3;38:14;38:15;"そうなんですよね"
00095_Bmic;Speaker 3;38:17;38:23;"それ以降の僕もゼミというのを大学辞めてからも続けてますので"
00095_Bmic;Speaker 3;38:24;38:28;"一番上は管理級を超えているゼミ生から"
00095_Bmic;Speaker 3;38:28;38:35;"一番下はまだ某大学で野球か何かやっているような幅があるんです"
00095_Bmic;Speaker 3;38:36;38:41;"でもその幅の中の日本の変化の大きさといったら"
00095_Bmic;Speaker 3;38:41;38:43;"本当に激しいものがあって"
00095_Bmic;Speaker 3;38:45;38:48;"就職氷河期の頃の学生も知っていれば"
00095_Bmic;Speaker 3;38:48;38:50;"その前の学生も知っているし"
00095_Bmic;Speaker 3;38:51;38:51;"その後の"
00095_Bmic;Speaker 3;38:52;38:54;"もうそれこそなるべくなら"
00095_Bmic;Speaker 3;38:56;39:00;"その前はカタカナの会社に行くと"
00095_Bmic;Speaker 3;39:02;39:03;"ちょっと落ちるなみたいな"
00095_Bmic;Speaker 3;39:04;39:07;"難しい大蔵っていう名前だったり"
00095_Bmic;Speaker 3;39:08;39:10;"東京会場火災"
00095_Bmic;Speaker 3;39:10;39:13;"そういう名前のところが良かったのが"
00095_Bmic;Speaker 3;39:14;39:16;"その次はカタカナになってみたいな"
00095_Bmic;Speaker 3;39:17;39:22;"そういう海外との日本の関係もすごく変わってきてる"
00095_Bmic;Speaker 3;39:23;39:27;"だからこの48歳差は面白いよね"
00095_Bmic;Speaker 3;39:28;39:30;"計算するとそうなるんだと思って"
00095_Bmic;Speaker 2;39:30;39:33;"私もちょうど辞聴の中でもちらっと触れた"
00095_Bmic;Speaker 2;39:34;39:37;"ちょっと大規模な調査を最近何度かやっていて"
00095_Bmic;Speaker 2;39:37;39:43;"その中で、私3月で30になるんですけど、20代と70代って回転で、"
00095_Bmic;Speaker 2;39:44;39:46;"見てみると、やっぱさ、あるよね。"
00095_Bmic;Speaker 2;39:46;39:49;"例えば、本に書いてないんですけど、面白かったものとした。"
00095_Bmic;Speaker 2;39:50;39:56;"例えば、あなたは移動時間は無駄だと思いますか?みたいな問いをしているんですね。"
00095_Bmic;Speaker 2;39:56;40:03;"そうすると、ここの顕著に優位に差があって、20代だと67%が無駄だと思う。"
00095_Bmic;Speaker 2;40:03;40:07;"70代だと31.2%ぐらいのダブルスコアというか"
00095_Bmic;Speaker 2;40:08;40:10;"6倍ぐらい差がある"
00095_Bmic;Speaker 2;40:10;40:12;"ちょっと表現変えて"
00095_Bmic;Speaker 1;40:12;40:17;"例えば最近だと新幹線とかにもワークスペースが付いていたりとかしますけど"
00095_Bmic;Speaker 2;40:17;40:20;"移動時間に生産的な活動をしたいですか"
00095_Bmic;Speaker 1;40:20;40:22;"ちょっと抽象的な聞き方ですけど"
00095_Bmic;Speaker 2;40:22;40:23;"そういう聞き方をした時も"
00095_Bmic;Speaker 2;40:24;40:28;"20代だと大体同意するっていうのが7割ぐらいだったんですけど"
00095_Bmic;Speaker 2;40:29;40:32;"70代60代70代だと4割ぐらい"
00095_Bmic;Speaker 2;40:32;40:35;"かなり顕著に差があって"
00095_Bmic;Speaker 2;40:35;40:38;"これがその間の50代40代30代と埋めると"
00095_Bmic;Speaker 2;40:38;40:40;"だいたいなだらかに"
00095_Bmic;Speaker 2;40:40;40:44;"20代が高くて70代について低くなるというグラフになっていて"
00095_Bmic;Speaker 2;40:45;40:47;"これは興味深いですし"
00095_Bmic;Speaker 2;40:47;40:49;"これは一体何だろうなというのは"
00095_Bmic;Speaker 2;40:49;40:50;"本当にね"
00095_Bmic;Speaker 2;40:50;40:53;"一つお話ししたかったことでもありましたね"
00095_Bmic;Speaker 3;40:54;40:58;"僕はどっちかというと移動の時間はもったいないと思って"
00095_Bmic;Speaker 3;40:58;41:03;"本を持たずに移動ができないところがあります"
00095_Bmic;Speaker 3;41:04;41:07;"しかし話はちょっと飛ぶようですが"
00095_Bmic;Speaker 3;41:08;41:12;"私には塔上の姉がいて編集者なんですけれども"
00095_Bmic;Speaker 3;41:12;41:14;"昔雑誌の編集もしていたので"
00095_Bmic;Speaker 3;41:15;41:17;"書き手の方と旅行をすることがある"
00095_Bmic;Speaker 3;41:18;41:23;"そうすると東京駅でまずいろんなものを買い込むわけです"
00095_Bmic;Speaker 3;41:23;41:26;"すでに缶ビールとかがあったりして"
00095_Bmic;Speaker 3;41:27;41:32;"列車が出発すると途端にプシュッとカンビルを開けて"
00095_Bmic;Speaker 3;41:33;41:40;"書き手の小説家の方とかに何かを食べながら車窓を見て話をして"
00095_Bmic;Speaker 3;41:40;41:43;"それもいわば編集の仕事に入っているというのかな"
00095_Bmic;Speaker 2;41:44;41:44;"そういうことですね"
00095_Bmic;Speaker 3;41:44;41:49;"そういう旅行の時間をそのように使っている話を"
00095_Bmic;Speaker 3;41:50;41:54;"私のさらに遠も上の姉がよくしていました"
00095_Bmic;Speaker 2;41:54;41:56;"いやーすごいですよね"
00095_Bmic;Speaker 2;41:56;42:00;"本当に旅するとか遠出するみたいなことも"
00095_Bmic;Speaker 2;42:00;42:01;"本当にそれこそ移動手段が変わって"
00095_Bmic;Speaker 2;42:02;42:02;"多分何て言うんですか"
00095_Bmic;Speaker 2;42:03;42:04;"時代を基本重ねるごとにどんどん早く"
00095_Bmic;Speaker 2;42:05;42:06;"いけるようになっているより快適に"
00095_Bmic;Speaker 2;42:06;42:09;"多分いけるようになっているとは思うんですよね"
00095_Bmic;Speaker 2;42:10;42:13;"そういう中で私はあんまそういう経験はないんですけど"
00095_Bmic;Speaker 2;42:13;42:15;"いわゆるバックバッカー的な旅"
00095_Bmic;Speaker 2;42:16;42:19;"そういう話にあの本出していくことが"
00095_Bmic;Speaker 2;42:19;42:20;"たびたびあったりして"
00095_Bmic;Speaker 2;42:21;42:23;"大体その時に話してくるのが"
00095_Bmic;Speaker 2;42:23;42:32;"最近の若い人って、20年前、30年前と比べると、バックパッカー的な旅ってしてなくないですか?っていうふうに聞かれるんですね。"
00095_Bmic;Speaker 2;42:33;42:45;"実態としてハンバーズの調査がないのでわからないんですけども、ただ、私の周り、もしくは一回り二回りの方々と話していると、確かにバックパッカーっぽい人っていないかもしれない。"
00095_Bmic;Speaker 2;42:47;42:52;"いわゆるこうなんていうんですかね カバン一つ持ってこれなんでだろうと思ったら"
00095_Bmic;Speaker 2;42:53;42:57;"もしかしたら先ほどのその生産性とか無駄みたいなところとの結びつきで"
00095_Bmic;Speaker 2;42:57;43:02;"やっぱりバックパッカーの旅のいいところって目的がないところ"
00095_Bmic;Speaker 2;43:03;43:05;"あるとすると自分も探すみたいなところだと思うんですけど"
00095_Bmic;Speaker 2;43:06;43:16;"目的がないところがいいところで 生産的で効率的じゃないからこそいいっていう話だと思うんですよね"
00095_Bmic;Speaker 2;43:17;43:17;"そうですね"
00095_Bmic;Speaker 2;43:20;43:24;"もしかしたらそのことに対する勝ちづけとか"
00095_Bmic;Speaker 2;43:24;43:28;"意味づけがなかなかしづらいような状況に"
00095_Bmic;Speaker 3;43:28;43:31;"恐ろしくその頃僕の頃高かったですよ"
00095_Bmic;Speaker 3;43:31;43:34;"だからまさに沢木幸太郎さんっていう方が"
00095_Bmic;Speaker 3;43:34;43:37;"あの方が一つ私より上なのかな下なのかな"
00095_Bmic;Speaker 3;43:38;43:39;"同じような感じで"
00095_Bmic;Speaker 3;43:40;43:43;"みんなよくヨーロッパに行ってた時の"
00095_Bmic;Speaker 3;43:44;43:48;"一番の書き手が沢木さんの深夜特急って言うんでしたっけ"
00095_Bmic;Speaker 3;43:48;43:49;"あれでしたが"
00095_Bmic;Speaker 3;43:49;43:52;"僕もすでに同じことをしていて"
00095_Bmic;Speaker 3;43:52;43:55;"ヨーロッパの中をバックパッカーのように動いていましたし"
00095_Bmic;Speaker 3;43:55;43:56;"日本に帰ってくる時は"
00095_Bmic;Speaker 3;43:57;44:00;"ずっとインドネパールタイとかそういうのを経由して"
00095_Bmic;Speaker 3;44:01;44:02;"なるほどなるほど最初はソ連経由で行って"
00095_Bmic;Speaker 3;44:02;44:03;"そう帰りは"
00095_Bmic;Speaker 3;44:04;44:07;"それで互いに向こうから来た人に"
00095_Bmic;Speaker 3;44:08;44:11;"バンコクの宿はどこが安くていいかとかいうことを"
00095_Bmic;Speaker 3;44:11;44:15;"情報をボンベイで仕入れるわけです"
00095_Bmic;Speaker 2;44:15;44:16;"そういうことですね"
00095_Bmic;Speaker 2;44:16;44:17;"人も集まってくるし"
00095_Bmic;Speaker 3;44:17;44:17;"そうそう"
00095_Bmic;Speaker 3;44:18;44:19;"日本人の人が"
00095_Bmic;Speaker 3;44:20;44:24;"アリがずっと歩いていくように"
00095_Bmic;Speaker 3;44:24;44:26;"情報を共有しながら"
00095_Bmic;Speaker 3;44:26;44:29;"道をこっちに行けとかいうのを"
00095_Bmic;Speaker 3;44:29;44:31;"伝え合うように歩いていましたね"
00095_Bmic;Speaker 3;44:32;44:36;"その間はやっぱり体験というのか"
00095_Bmic;Speaker 3;44:36;44:37;"知らないことがどんどんどんどん"
00095_Bmic;Speaker 3;44:38;44:40;"自分の中に積み重なってきますから"
00095_Bmic;Speaker 3;44:40;44:43;"得している感覚はありましたけど"
00095_Bmic;Speaker 3;44:44;44:45;"新しいことを知らないことが"
00095_Bmic;Speaker 3;44:46;44:47;"自分の中に溜まっていくという"
00095_Bmic;Speaker 2;44:49;44:52;"私も多分本質的にはそこって今は変わっていない気はして"
00095_Bmic;Speaker 2;44:53;44:55;"例えば少し前に私の今所属しているグロコムの"
00095_Bmic;Speaker 2;44:56;44:57;"大先輩に今はいないんですけど"
00095_Bmic;Speaker 2;44:58;44:59;"東博樹という哲学者ですね"
00095_Bmic;Speaker 2;44:59;45:03;"彼が弱いつながりみたいなのを書いているんですけど"
00095_Bmic;Speaker 2;45:03;45:04;"そこで書いて"
00095_Bmic;Speaker 2;45:04;45:07;"なるほどなと当時学生時代に読んでいたのが"
00095_Bmic;Speaker 2;45:07;45:09;"今はすごくインターネットが広がって"
00095_Bmic;Speaker 2;45:09;45:10;"オンライン化する中で"
00095_Bmic;Speaker 2;45:11;45:13;"検索キーワードがいろんなものが"
00095_Bmic;Speaker 2;45:13;45:13;"あふれていると"
00095_Bmic;Speaker 2;45:14;45:15;"ただ裏を返すと"
00095_Bmic;Speaker 2;45:15;45:19;"自分が持っている検索キーワードの中でしか"
00095_Bmic;Speaker 2;45:19;45:21;"検索活動できない"
00095_Bmic;Speaker 1;45:21;45:23;"自分が持っていないキーワードで"
00095_Bmic;Speaker 1;45:23;45:24;"検索することはできないので"
00095_Bmic;Speaker 2;45:24;45:26;"実は開かれているように"
00095_Bmic;Speaker 2;45:26;45:27;"すごい閉じているというか"
00095_Bmic;Speaker 1;45:28;45:30;"それに合わせて広告だったり"
00095_Bmic;Speaker 2;45:30;45:31;"最近はYouTubeとか"
00095_Bmic;Speaker 2;45:32;45:35;"SNSで流れてくるものも最適化される"
00095_Bmic;Speaker 2;45:35;45:36;"伊藤はこれが好きだから"
00095_Bmic;Speaker 2;45:37;45:38;"そいつはこれが買うだろうみたいな感じで"
00095_Bmic;Speaker 3;45:38;45:40;"この頃あれひどいですよね 多いですよね"
00095_Bmic;Speaker 2;45:41;45:42;"本当最適化の方法"
00095_Bmic;Speaker 3;45:42;45:43;"すごいですね"
00095_Bmic;Speaker 2;45:44;45:46;"それを打開していく"
00095_Bmic;Speaker 2;45:47;45:48;"そういう泡というか"
00095_Bmic;Speaker 2;45:48;45:50;"家に包まれたところを打開するためには"
00095_Bmic;Speaker 2;45:51;45:52;"やっぱり今日常の中には"
00095_Bmic;Speaker 3;45:52;45:53;"どうすればいいんですか"
00095_Bmic;Speaker 2;45:53;45:54;"キーワード重さに探しに行かなきゃ"
00095_Bmic;Speaker 2;45:56;45:58;"違うキーワードを探しに行くって何かというと"
00095_Bmic;Speaker 2;45:58;46:02;"その一つの方法が観光というのが象徴的だと"
00095_Bmic;Speaker 2;46:02;46:04;"普段暮らしている場所じゃないので"
00095_Bmic;Speaker 2;46:04;46:06;"見たものを検索するかもしれないし"
00095_Bmic;Speaker 2;46:07;46:12;"そもそも何て検索すればいいのか分からないような植物がそこに生えていたりするかもしれないし"
00095_Bmic;Speaker 2;46:12;46:16;"そういう観光を通した弱いつながりを作っていくことで"
00095_Bmic;Speaker 2;46:16;46:21;"まじか閉じてしまいがちな世界においては広がっていくんだ未来のことを彼が書いていて"
00095_Bmic;Speaker 2;46:21;46:25;"それからかなり学部時代に読んでなるほどなと思いましたし"
00095_Bmic;Speaker 2;46:25;46:30;"今でもより一層そういう側面は強くなっていると思うんですよね"
00095_Bmic;Speaker 3;46:30;46:32;"それは同感ですね"
00095_Bmic;Speaker 3;46:33;46:40;"旅してる間に何か得たことっていうのが次を引っ張ってきてくれるっていうのがありまして"
00095_Bmic;Speaker 2;46:42;46:46;"もう一つこれも今の話でどちらかというと国外の話だったんですけど"
00095_Bmic;Speaker 2;46:46;46:53;"私最初にちらっと話した通りどちらかというと研究対象が国内のいわゆる農産村だったりとか"
00095_Bmic;Speaker 2;46:54;46:56;"いわゆる商店街といわゆるところだったりとか"
00095_Bmic;Speaker 2;46:57;47:01;"国内の地方の街づくりとか移動とかそういう研究をずっとやっていて"
00095_Bmic;Speaker 2;47:03;47:10;"昨日お会いするのは東京出身で大都市圏出身で移住して地方に来ました"
00095_Bmic;Speaker 2;47:10;47:13;"地方移住とかアイターンとかですね"
00095_Bmic;Speaker 2;47:14;47:16;"多分一昔前のとこ田舎暮らしって言われたような"
00095_Bmic;Speaker 2;47:17;47:18;"そういった方なんかにも出会って"
00095_Bmic;Speaker 2;47:19;47:22;"彼らがただそこで暮らすだけじゃなくて"
00095_Bmic;Speaker 2;47:23;47:25;"地域に貢献するとかですね"
00095_Bmic;Speaker 2;47:26;47:27;"街づくりに貢献するとか"
00095_Bmic;Speaker 2;47:28;47:29;"そういうマインドがすごく強く"
00095_Bmic;Speaker 2;47:29;47:30;"多分東大とかにもいらっしゃる"
00095_Bmic;Speaker 2;47:30;47:32;"ご本人書いてらしくて僕も読む"
00095_Bmic;Speaker 2;47:33;47:34;"私自身も多分"
00095_Bmic;Speaker 2;47:35;47:37;"生まれて地元は長野なんです"
00095_Bmic;Speaker 2;47:37;47:40;"多分そういうマインドとか傾向を持っているなと"
00095_Bmic;Speaker 2;47:41;47:42;"いいことだなって"
00095_Bmic;Speaker 2;47:42;47:43;"すごい良いことだなって"
00095_Bmic;Speaker 2;47:43;47:43;"いろんなところで言われる"
00095_Bmic;Speaker 2;47:44;47:47;"一方で私は国際大学のところにいると"
00095_Bmic;Speaker 2;47:47;47:49;"いわゆるJICAとか"
00095_Bmic;Speaker 2;47:49;47:51;"青年海外協力隊とかを"
00095_Bmic;Speaker 2;47:51;47:53;"国外に出ていって"
00095_Bmic;Speaker 2;47:53;47:57;"何か国際開発活動に貢献するとか"
00095_Bmic;Speaker 2;47:57;47:59;"協力活動をするみたいな"
00095_Bmic;Speaker 2;47:59;48:06;"方々にもあるわけですよね。そっちの話を聞いていると、貢献にも顕著なところで、すごい青年海外協力隊の人数って減っているんですよね。"
00095_Bmic;Speaker 2;48:07;48:11;"急速に減っていて、まずいよねみたいな話が国レベルでされていると。"
00095_Bmic;Speaker 2;48:12;48:23;"地方に出て行って町づくりとか活性化する人はこんなにいる。でもかかわらず、海外に行く人は同じように協力活動とか貢献活動に見えるのに減っているというのは、"
00095_Bmic;Speaker 2;48:24;48:27;"たまに若い人は内向き思考なんて言われますけど"
00095_Bmic;Speaker 2;48:28;48:31;"単なる内向きみたいな言葉だけでは片付けられない"
00095_Bmic;Speaker 2;48:32;48:38;"でも中長期的に見てこれって本当に国としていいことなのかと思うと"
00095_Bmic;Speaker 2;48:38;48:41;"ちょっと最近悩ましいというか疑問がつくところまで"
00095_Bmic;Speaker 3;48:42;48:48;"海外専念協力隊とか割と昔から身近にあって"
00095_Bmic;Speaker 3;48:48;48:53;"私の中根知恵先生という方があれをできるときに"
00095_Bmic;Speaker 3;48:53;48:57;"中心のお一人だったと思うんですね"
00095_Bmic;Speaker 3;48:57;49:02;"僕と同輩の人たちが海外で調査をするときに"
00095_Bmic;Speaker 3;49:07;49:12;"調査資金をまるまる取れたりはしないわけなので"
00095_Bmic;Speaker 3;49:13;49:14;"海外青年協力隊"
00095_Bmic;Speaker 3;49:16;49:17;"青年海外協力隊ですか"
00095_Bmic;Speaker 3;49:17;49:21;"あれに入って向こうで教えてるっていう"
00095_Bmic;Speaker 3;49:22;49:24;"手を取りつつ調査をすると"
00095_Bmic;Speaker 3;49:25;49:30;"時にはある人なんか合気道を教えつつ"
00095_Bmic;Speaker 3;49:31;49:32;"面白いですね"
00095_Bmic;Speaker 3;49:33;49:35;"中部屋に行った彼なんか"
00095_Bmic;Speaker 3;49:36;49:38;"合気道を教えつつ調査をして"
00095_Bmic;Speaker 3;49:39;49:43;"青年として協力をしてしながらですね"
00095_Bmic;Speaker 3;49:43;49:48;"その後僕の指導員生の中にも"
00095_Bmic;Speaker 3;49:48;49:51;"あれで行ったのがたくさんいますよね"
00095_Bmic;Speaker 3;49:52;50:03;"そして僕も調査に行くとそこでJICAの来た若者たちを取りまとめる方っていうのが職員が首都みたいなところにいて"
00095_Bmic;Speaker 3;50:04;50:05;"よくそういうところに行ったりして"
00095_Bmic;Speaker 3;50:05;50:08;"僕自身は直接関わってはないんですが"
00095_Bmic;Speaker 3;50:09;50:14;"昔から非常に身近にあってそれが減っていると"
00095_Bmic;Speaker 3;50:15;50:20;"でもあの時一つのモデルになったのがアメリカのピースコアっていうのかな"
00095_Bmic;Speaker 3;50:20;50:22;"平和部隊いいんですか"
00095_Bmic;Speaker 3;50:24;50:27;"それが海外に行くとそれで来たと"
00095_Bmic;Speaker 3;50:27;50:29;"あれはケネディがやったんですかね"
00095_Bmic;Speaker 3;50:29;50:30;"ケネディの前の政権"
00095_Bmic;Speaker 3;50:33;50:39;"ピースコアが日本にとっての一つのモデルだったと思うんだけど"
00095_Bmic;Speaker 3;50:41;50:43;"それはどうなのかなアメリカで"
00095_Bmic;Speaker 3;50:44;50:51;"まさにそうしたことからトランプさんはだんだん引き上げようとしているわけだから"
00095_Bmic;Speaker 3;50:52;51:00;"ある意味日本だけじゃなくて最近のその話ともつながるのかもしれませんね"
00095_Bmic;Speaker 2;51:02;51:03;"そういった意味で言うと"
00095_Bmic;Speaker 2;51:04;51:08;"奈美さんは今でも人類学者文化人類学者だと思うんですよね"
00095_Bmic;Speaker 2;51:08;51:14;"そういった意味で私は一応社会学というところで言うと"
00095_Bmic;Speaker 2;51:14;51:19;"社会学者の移動とか調査するということと"
00095_Bmic;Speaker 2;51:19;51:21;"多分何か人類学者としてとか"
00095_Bmic;Speaker 2;51:21;51:24;"文化人類学者が国境を越えて移動するとか"
00095_Bmic;Speaker 2;51:24;51:26;"まさに今の話のように調査をする"
00095_Bmic;Speaker 1;51:26;51:28;"エスノグラフィーを探索するということ"
00095_Bmic;Speaker 2;51:30;51:32;"本質的な違いかどうかというのは分からないんですけど"
00095_Bmic;Speaker 2;51:32;51:37;"ただ何となく学問的な少し考え方の違いだったとか"
00095_Bmic;Speaker 2;51:37;51:44;"あと人類学だとそのことをめぐる自制的な議論もかなりされているじゃないですか"
00095_Bmic;Speaker 3;51:44;51:49;"そうですね僕の若い頃からちょっと始まってその調査をすること"
00095_Bmic;Speaker 3;51:50;51:55;"人類学についての人類学研究みたいなのが始まりましたよね"
00095_Bmic;Speaker 2;51:56;51:58;"その辺思われますかやっぱ人類学者"
00095_Bmic;Speaker 2;51:59;52:02;"あの種なんていうんですかね旗から見てると多分海外フィールドの方であれば"
00095_Bmic;Speaker 2;52:02;52:05;"海外行って数ヶ月行ってなんぼだろうみたいな"
00095_Bmic;Speaker 2;52:05;52:06;"そうでした"
00095_Bmic;Speaker 2;52:07;52:08;"時代により違いだったとか"
00095_Bmic;Speaker 2;52:08;52:09;"あるのかないのかとか"
00095_Bmic;Speaker 3;52:10;52:14;"昔はまずたまたま留学なんかしたり"
00095_Bmic;Speaker 3;52:15;52:16;"イギリスに留学したりすると"
00095_Bmic;Speaker 3;52:17;52:19;"人類学者同士が話し合うと"
00095_Bmic;Speaker 3;52:19;52:23;"お互いどこにどれぐらいいたかっていうのが"
00095_Bmic;Speaker 3;52:24;52:28;"今の言葉で言うとマウントのところがあって"
00095_Bmic;Speaker 3;52:29;52:32;"どっちが厳しいところに行っていたかみたいなのが"
00095_Bmic;Speaker 3;52:33;52:34;"その後からだんだん"
00095_Bmic;Speaker 3;52:34;52:38;"いやそんなアマゾンなんかに行っても"
00095_Bmic;Speaker 3;52:38;52:39;"もう調査はできなくて"
00095_Bmic;Speaker 3;52:39;52:42;"それこそベルリンの"
00095_Bmic;Speaker 3;52:43;52:47;"例えば昔の東毒側のところの調査みたいな方が"
00095_Bmic;Speaker 1;52:47;52:49;"おしゃれだよみたいになってきたと思うんだけど"
00095_Bmic;Speaker 3;52:50;52:55;"昔はやっぱりどれぐらい未開かみたいな競争をやってましたね"
00095_Bmic;Speaker 3;52:57;53:02;"私はわざと自分で少しフィクションとしてでも"
00095_Bmic;Speaker 3;53:03;53:08;"未開の地に行く探検家のようにして調査をしたいと"
00095_Bmic;Speaker 3;53:08;53:10;"自分で思っていたので"
00095_Bmic;Speaker 2;53:10;53:13;"最早化と関係なくて気持ちの部分が"
00095_Bmic;Speaker 3;53:13;53:14;"気持ちの部分で"
00095_Bmic;Speaker 3;53:15;53:18;"だから笑い話みたいですけど銃を持ってきましたよ"
00095_Bmic;Speaker 2;53:19;53:21;"銃を持っていくってどうやって"
00095_Bmic;Speaker 3;53:21;53:25;"つまり取れば何か取りとかね"
00095_Bmic;Speaker 3;53:25;53:28;"何か取ると食料になるかなと思って"
00095_Bmic;Speaker 3;53:30;53:32;"すごいものだと銃が見えにくいので"
00095_Bmic;Speaker 3;53:33;53:34;"空気銃ですが"
00095_Bmic;Speaker 3;53:35;53:40;"それでも千田街の警察署かなんかに申請をして"
00095_Bmic;Speaker 3;53:40;53:41;"銃を買って"
00095_Bmic;Speaker 3;53:43;53:45;"飛行機に乗るとき案外大変だったりして"
00095_Bmic;Speaker 3;53:47;53:50;"でもちょっと自分で自分をフィクション化して"
00095_Bmic;Speaker 3;53:51;53:53;"探検家にしていました"
00095_Bmic;Speaker 1;53:54;53:58;"それは社会学とちょっと違うかもしれない"
00095_Bmic;Speaker 3;54:00;54:03;"でも船口さん今頃そんな人類学者いませんよって"
00095_Bmic;Speaker 3;54:03;54:04;"言われちゃうかもしれませんけど"
00095_Bmic;Speaker 3;54:05;54:10;"僕は割とその前の世代のマリノスキーとか"
00095_Bmic;Speaker 3;54:10;54:14;"そういう世代の真似をしたかったっていうのがあったので"
00095_Bmic;Speaker 3;54:15;54:19;"古典的に自分の調査を捉えていました"
00095_Bmic;Speaker 3;54:19;54:23;"同時にもう自制的に捉えるということも始まっていたから"
00095_Bmic;Speaker 3;54:24;54:30;"自分がフィクション化してフィクションを相手に押し付けているんだろうみたいなことは"
00095_Bmic;Speaker 3;54:30;54:31;"すでにもう気がついていて"
00095_Bmic;Speaker 3;54:32;54:42;"それでもなるべく何にも文明の力のないところにと選んでいきましたね"
00095_Bmic;Speaker 2;54:45;54:48;"私の話も今の聞いて"
00095_Bmic;Speaker 2;54:48;54:50;"社会学ってなんだろうなって思うと"
00095_Bmic;Speaker 1;54:50;54:52;"社会学の場合どうだろうなって思うと"
00095_Bmic;Speaker 2;54:52;54:55;"もちろん参与観察してそのグラフィしてという方もいて"
00095_Bmic;Speaker 2;54:55;54:58;"私の場合は新書の中では書いて"
00095_Bmic;Speaker 2;54:58;55:00;"ちょっと終わりにに書いたんですけど"
00095_Bmic;Speaker 1;55:01;55:02;"終わりに大好きです"
00095_Bmic;Speaker 2;55:04;55:05;"収支の頃だったりとか"
00095_Bmic;Speaker 2;55:05;55:12;"現代の継続的にいくつか農村集落というかに関わりがあって"
00095_Bmic;Speaker 2;55:12;55:18;"そこの方々と関係性気づいて話聞いてたということがある中で"
00095_Bmic;Speaker 2;55:19;55:23;"私もすごい印象的というか今でも覚えている話としては"
00095_Bmic;Speaker 2;55:24;55:26;"私は移動してその地域に行くわけですよ"
00095_Bmic;Speaker 2;55:26;55:28;"その集落に行きますと"
00095_Bmic;Speaker 2;55:29;55:32;"私も日本の雰囲気的にも政策的にも"
00095_Bmic;Speaker 2;55:32;55:34;"今人口減少していますと"
00095_Bmic;Speaker 2;55:34;55:35;"高齢化していますと"
00095_Bmic;Speaker 2;55:36;55:40;"いわゆる限界集落と言われるようなところも増えていますという中で"
00095_Bmic;Speaker 2;55:41;55:44;"いかに賢くしぼんでいくかというか"
00095_Bmic;Speaker 1;55:44;55:46;"賢く縮んでいくかというところって"
00095_Bmic;Speaker 2;55:46;55:50;"すごいホットな課題になっていると思うんですよね"
00095_Bmic;Speaker 2;55:50;55:53;"ただ一方でそういったことが突発的にあるし"
00095_Bmic;Speaker 1;55:53;55:56;"強制的にやろうとしたり発言すると"
00095_Bmic;Speaker 1;55:56;55:58;"当然それに対してはそうじゃないだろうというのがあると"
00095_Bmic;Speaker 2;55:59;56:02;"私も当時今よりもっと若い頃は"
00095_Bmic;Speaker 2;56:03;56:08;"なんで確かにそういう例えばすごく山の中の集落に住んでる人って"
00095_Bmic;Speaker 1;56:08;56:11;"住んでるんだろうなと思ったりしていたんですよね"
00095_Bmic;Speaker 2;56:11;56:14;"今そのことにしたいに関心があって聞きに行った時に"
00095_Bmic;Speaker 2;56:14;56:22;"出会ったあるおじいさんが、なんでここに住んでるかっていうと、ここは不便なことは当然自分もわかっている。"
00095_Bmic;Speaker 2;56:22;56:30;"不便なことはわかっているし、合理的じゃないかと思っているし、町の例えば役場とかがこういうところから撤退したいのもわかっているんだと。"
00095_Bmic;Speaker 2;56:31;56:39;"ただ二つ理由があって、一つはまずこの場所が好きだから住んでるんだと、不便云々よでも好きだからここにいるんだと。"
00095_Bmic;Speaker 2;56:39;56:51;"もう一つは、こういう家ぐらいしか民家がない時代で、こういう地域だからこそ自分がしっかりとこの集落を見取らなきゃいけないとおっしゃってたんです。"
00095_Bmic;Speaker 2;56:52;56:55;"つまり、自分の内でしっかり終わらせたい。"
00095_Bmic;Speaker 2;56:56;57:00;"なんかズルズルと終わらせていくんじゃなくて、始まりあるものはじゃないですけど、"
00095_Bmic;Speaker 2;57:00;57:06;"これを子どもとか孫とかにお願いするのは到底それはできないよねっていう話をされていたときに、"
00095_Bmic;Speaker 2;57:06;57:11;"やっぱり、例えばそれはもしかしたら オンライン中の情報を通しているかもしれないですし"
00095_Bmic;Speaker 2;57:11;57:14;"人から聞いてでは、なんでそこに住んでいるのか 当然わからない"
00095_Bmic;Speaker 2;57:15;57:18;"一見すると不合理な選択をしているように見えるんだけれども"
00095_Bmic;Speaker 2;57:19;57:23;"その方にはその方なりの 他者の合理性とかって言ったりしますけども"
00095_Bmic;Speaker 2;57:23;57:26;"その人の合理性があって、理由があって"
00095_Bmic;Speaker 2;57:26;57:32;"こういうものって、じゃあ 具体的な政策の話とか計画の話とかで"
00095_Bmic;Speaker 2;57:32;57:34;"反映されているかというと当然基本は見落とされて"
00095_Bmic;Speaker 2;57:35;57:37;"見過ごされて燃えているわけなので"
00095_Bmic;Speaker 2;57:37;57:39;"こういうものをしっかり拾って"
00095_Bmic;Speaker 2;57:40;57:43;"何か計画に反映するとか声を届けるとか"
00095_Bmic;Speaker 2;57:43;57:45;"課題解決に生かすとか"
00095_Bmic;Speaker 2;57:45;57:47;"そういうことっていうのが私にとっての一つの"
00095_Bmic;Speaker 2;57:48;57:50;"社会学的なアプローチであり"
00095_Bmic;Speaker 2;57:50;57:53;"一つ自分がやっていきたいことをやっていくべき"
00095_Bmic;Speaker 2;57:54;57:55;"世代としてやっていくべきことなんだろうな"
00095_Bmic;Speaker 3;57:56;58:00;"そこはですね48歳差がないところなんですよ"
00095_Bmic;Speaker 3;58:00;58:08;"私も55年前に山形県の鶴岡市の山の方に行ったところの"
00095_Bmic;Speaker 3;58:08;58:11;"黒川農というので有名な"
00095_Bmic;Speaker 3;58:13;58:16;"行政府としては今鶴岡市になっていますけど"
00095_Bmic;Speaker 3;58:16;58:17;"黒川と呼ぶことにします"
00095_Bmic;Speaker 3;58:18;58:21;"そこに55年前に出かけていって"
00095_Bmic;Speaker 3;58:22;58:27;"先ほどの姉がそこの特集をしたのですね"
00095_Bmic;Speaker 3;58:28;58:29;"ある雑誌で"
00095_Bmic;Speaker 3;58:30;58:32;"55年前に行って"
00095_Bmic;Speaker 3;58:33;58:36;"同級生たちがやっぱりいるのです"
00095_Bmic;Speaker 3;58:36;58:38;"団塊の世代ですから"
00095_Bmic;Speaker 3;58:39;58:43;"彼らが出稼ぎで東京に来たりして"
00095_Bmic;Speaker 3;58:44;58:46;"僕結婚したばかりだったんで"
00095_Bmic;Speaker 3;58:46;58:48;"我が家に訪ねてきたりして"
00095_Bmic;Speaker 3;58:49;58:53;"ということを最近その55年経って"
00095_Bmic;Speaker 3;58:53;58:55;"久しぶりに村に行ってみたら"
00095_Bmic;Speaker 3;58:56;58:59;"神社の長老にみんななってるんですよ"
00095_Bmic;Speaker 3;59:00;59:02;"もう55年前に"
00095_Bmic;Speaker 3;59:02;59:04;"ゴンジローのじいさんっていうのがいて"
00095_Bmic;Speaker 3;59:05;59:07;"その人が立派に見えたのを"
00095_Bmic;Speaker 3;59:07;59:07;"今"
00095_Bmic;Speaker 3;59:09;59:10;"定吉君とか"
00095_Bmic;Speaker 3;59:10;59:12;"結城とかがやっているっていう"
00095_Bmic;Speaker 3;59:13;59:15;"聞かれたらまずいんだけど"
00095_Bmic;Speaker 3;59:16;59:17;"すごい"
00095_Bmic;Speaker 3;59:18;59:19;"それとともに"
00095_Bmic;Speaker 3;59:20;59:21;"同級生の一人が"
00095_Bmic;Speaker 3;59:21;59:22;"お祭りがね"
00095_Bmic;Speaker 3;59:22;59:25;"すごくそこはしっかりあるあれなんですよ"
00095_Bmic;Speaker 3;59:25;59:28;"宮座で上座と下座があって"
00095_Bmic;Speaker 3;59:29;59:37;"それで上座の陶屋を同級生の長兵衛が"
00095_Bmic;Speaker 3;59:38;59:40;"今度陶屋が来るっていうので"
00095_Bmic;Speaker 3;59:41;59:44;"その陶屋を受ける前の年の受け陶屋というのに"
00095_Bmic;Speaker 3;59:45;59:50;"一昨年ぐらいに久しぶりに真剣に行ったんですよ"
00095_Bmic;Speaker 3;59:50;59:52;"それまでも時々は言ってたんですが"
00095_Bmic;Speaker 3;59:53;59:59;"そしたら村が蒸発するんだっていうのを目の当たりにしました"